conjunto,teste,retirado,erro_espiras,score_dominio,aceita
hibrido,severidade,SC80,50.03906368561867,1.6547938481672222,False
hibrido,severidade,SC80,43.40277351247925,1.7782944777708334,False
hibrido,severidade,SC80,36.96703840150443,1.4613814224931723,False
hibrido,severidade,SC80,14.21201906693556,1.37285117601103,False
hibrido,severidade,SC80,15.648313798958629,1.6598739490652765,False
hibrido,severidade,SC80,23.982133268327825,1.6599778952542994,False
hibrido,severidade,SC80,11.79895580791232,1.770115632289701,False
hibrido,severidade,SC80,13.002096470976603,1.7281393175432793,False
hibrido,severidade,SC80,7.304046366220768,1.5417006174238352,False
hibrido,severidade,SC80,31.598582622975186,1.4855801513814986,False
hibrido,severidade,SC80,27.182349151798373,1.7826256222328232,False
hibrido,severidade,SC80,1.3269660073057576,1.6954121907274984,False
hibrido,severidade,SC80,18.068635820200367,1.8113704511876978,False
hibrido,severidade,SC80,22.382462591726554,1.7962663404750434,False
hibrido,severidade,SC80,30.082339346680804,1.7714640200486347,False
hibrido,severidade,SC80,34.33469296424105,1.730872191088783,False
hibrido,severidade,SC80,4.885504258134227,1.7550754191150795,False
hibrido,severidade,SC80,35.12539750568828,1.6676698076084069,False
hibrido,severidade,SC80,42.34767034104447,1.6934351651289241,False
hibrido,severidade,SC80,37.29369797675998,1.9735364075545285,False
hibrido,severidade,SC80,27.473650781441677,1.824652082632748,False
hibrido,severidade,SC80,48.92848295137524,1.7574808294989743,False
hibrido,severidade,SC80,19.00840672010397,2.021297170840446,False
hibrido,severidade,SC80,32.62242512470421,2.0069161698633415,False
hibrido,severidade,SC80,13.241162379752074,2.0344974177582,False
hibrido,severidade,SC80,29.27959617638278,1.9251599850288266,False
hibrido,severidade,SC160,16.699206718772018,1.1445563803175998,False
hibrido,severidade,SC160,20.14884309509344,1.1427467750360352,False
hibrido,severidade,SC160,14.340471936520249,1.0829025243025558,False
hibrido,severidade,SC160,14.49509966084408,1.0977726333853035,False
hibrido,severidade,SC160,24.203057798718696,1.0393701268185331,False
hibrido,severidade,SC160,24.020430831580065,1.0608981708028897,False
hibrido,severidade,SC160,3.969435792605258,1.0713242737360635,False
hibrido,severidade,SC160,14.019850130482292,1.2137660350738697,False
hibrido,severidade,SC160,0.6522261455674139,1.140514392056623,False
hibrido,severidade,SC160,11.333334854755995,1.1019827357339707,False
hibrido,severidade,SC160,7.817146941333853,1.1329057910580866,False
hibrido,severidade,SC160,9.082653491116833,1.1745282848215821,False
hibrido,severidade,SC160,2.165993863674054,1.1235463482796273,False
hibrido,severidade,SC160,1.402260093967156,1.120990078173435,False
hibrido,severidade,SC160,1.0399678246652555,1.0212000151756908,False
hibrido,severidade,SC160,29.84814692121862,1.4162152254188685,False
hibrido,severidade,SC160,7.8264603137016,1.3347811073520066,False
hibrido,severidade,SC160,12.18349969588518,1.3726559234243532,False
hibrido,severidade,SC160,7.758230578222014,1.324402117670941,False
hibrido,severidade,SC160,29.789958523978665,1.361001388441953,False
hibrido,severidade,SC160,34.534546038886695,1.389668806271943,False
hibrido,severidade,SC160,17.16270740754483,1.3818620938930353,False
hibrido,severidade,SC160,46.94718248142088,1.4061622521721406,False
hibrido,severidade,SC160,8.599773082864203,1.3994148167699876,False
hibrido,severidade,SC160,0.9114539238660679,1.341896902153084,False
hibrido,severidade,SC160,16.5541398792725,1.3069792731858227,False
hibrido,severidade,SC160,3.5178547320862674,1.2498814290107298,False
hibrido,severidade,SC160,23.205529140062076,1.2352365484255028,False
hibrido,severidade,SC160,2.488822567097282,1.1640133141273543,False
hibrido,severidade,SC160,23.633556671991286,1.0905808151662693,False
hibrido,severidade,SC160,10.467289456170825,1.1444386832528606,False
hibrido,severidade,SC240,24.92629373676447,0.8231272682091226,True
hibrido,severidade,SC240,27.271124215056307,0.8587911363390552,True
hibrido,severidade,SC240,29.828087089769028,0.8163211461600333,True
hibrido,severidade,SC240,33.5552078388466,0.6695845518606066,True
hibrido,severidade,SC240,23.313339354421448,0.8430800998429687,True
hibrido,severidade,SC240,26.65183689694608,0.7749230661574309,True
hibrido,severidade,SC240,30.561499968483254,0.7707412217171352,True
hibrido,severidade,SC240,36.13427350560341,0.9275964758808641,True
hibrido,severidade,SC240,30.29793799086036,0.8697875327353749,True
hibrido,severidade,SC240,28.35209988801728,0.7881137901464337,True
hibrido,severidade,SC240,38.532187992138056,0.8923984487073181,True
hibrido,severidade,SC240,30.161412936666608,0.8005954769621192,True
hibrido,severidade,SC240,19.198683588331345,0.9287990376477029,True
hibrido,severidade,SC240,14.087751835361928,0.7764855710206673,True
hibrido,severidade,SC240,26.767483820273974,0.7722343084655408,True
hibrido,severidade,SC240,25.231883435634806,0.8064073601671587,True
hibrido,severidade,SC240,26.202025973810095,0.8568780223022427,True
hibrido,severidade,SC240,29.387076912448286,0.778549644376087,True
hibrido,severidade,SC240,29.531336110448425,0.8441139629726745,True
hibrido,severidade,SC240,17.541225946615757,0.8418451918407701,True
hibrido,severidade,SC240,18.415340187490514,0.8488533182537501,True
hibrido,severidade,SC240,31.015816837437505,0.8948982247867105,True
hibrido,severidade,SC240,21.044886973062837,0.7535751781234412,True
hibrido,severidade,SC240,7.8625253478760815,0.8176901988146451,True
hibrido,severidade,SC240,16.2914551538313,0.8458395578252083,True
hibrido,severidade,SC240,15.058342332419738,0.797804314596026,True
hibrido,severidade,SC320,10.215113318510083,0.8072315891382799,True
hibrido,severidade,SC320,2.608156796571093,0.8428870850554596,True
hibrido,severidade,SC320,9.435721649308771,0.8455058443969592,True
hibrido,severidade,SC320,2.77052583048345,0.8304455450768561,True
hibrido,severidade,SC320,4.110329259101464,0.8036310338300133,True
hibrido,severidade,SC320,3.4786275524396837,0.8564294796073416,True
hibrido,severidade,SC320,3.282939546344843,0.7938595284337148,True
hibrido,severidade,SC320,2.42238515805393,0.7854458441590849,True
hibrido,severidade,SC320,2.7059571892735113,0.8275181651446537,True
hibrido,severidade,SC320,0.42255367145125344,0.8690952164128314,True
hibrido,severidade,SC320,9.323177131289096,0.8327884333821057,True
hibrido,severidade,SC320,8.43051008562048,0.7484010845482946,True
hibrido,severidade,SC320,4.851091991581025,0.7687855818035246,True
hibrido,severidade,SC320,0.617490225992845,0.8126104295977467,True
hibrido,severidade,SC320,3.1864885126699383,0.8154200654291508,True
hibrido,severidade,SC320,2.125108447625812,0.7670423276464198,True
hibrido,severidade,SC320,0.5411353602522206,0.8939004339149854,True
hibrido,severidade,SC320,1.7383467726020951,0.7455328696281375,True
hibrido,severidade,SC320,19.6486931976956,1.0281444008758585,False
hibrido,severidade,SC320,4.822025473316205,1.0240644285022324,False
hibrido,severidade,SC320,11.926702910116305,1.134212793232952,False
hibrido,severidade,SC320,11.336698221413478,0.8099858238834299,True
hibrido,severidade,SC320,0.9046797649232108,0.7126910523082745,True
hibrido,severidade,SC320,14.852559824044631,0.8831981568402101,True
hibrido,severidade,SC320,12.069289842426588,0.7721376796904386,True
hibrido,severidade,SC320,7.3409019351478255,0.8067608491865927,True
hibrido,severidade,SC400,6.682732165869276,0.7971555354883177,True
hibrido,severidade,SC400,17.823250670955183,0.7662285012838529,True
hibrido,severidade,SC400,12.438185317465123,0.7170964403399399,True
hibrido,severidade,SC400,14.613577514098752,0.7637090316972001,True
hibrido,severidade,SC400,15.904332757666229,0.765352013821446,True
hibrido,severidade,SC400,16.657723839093475,0.8292264048253895,True
hibrido,severidade,SC400,1.3102539715415862,0.7530830291852652,True
hibrido,severidade,SC400,20.028097698148486,0.9891159768714335,True
hibrido,severidade,SC400,0.499529970400836,0.9654423363086819,True
hibrido,severidade,SC400,0.8574286656172214,0.9986123249773732,True
hibrido,severidade,SC400,6.077518897974232,0.8569910947830106,True
hibrido,severidade,SC400,1.2923265095188263,0.9365287432812455,True
hibrido,severidade,SC400,13.05549175812748,0.9760992499653757,True
hibrido,severidade,SC400,37.74733557074921,1.0310626689650986,False
hibrido,severidade,SC400,27.624769400648642,0.9934631745264834,True
hibrido,severidade,SC400,4.48794703978781,1.0471233969108193,False
hibrido,severidade,SC400,15.427414079515756,0.9740270571643714,True
hibrido,severidade,SC400,10.349086073910719,0.9700901060920248,True
hibrido,severidade,SC400,16.97704108740632,0.8638338287819738,True
hibrido,severidade,SC400,3.798225619259976,0.919399450216264,True
hibrido,severidade,SC400,5.9238732469932165,0.7710372180272567,True
hibrido,severidade,SC400,19.957677609271805,0.9494333427072643,True
hibrido,severidade,SC400,5.370234882216884,0.8682612717410951,True
hibrido,severidade,SC400,11.509299710862653,0.8500143126281772,True
hibrido,severidade,SC400,13.488834922520287,0.6919612874097874,True
hibrido,severidade,SC480,3.0721430832193475,0.7522725225269185,True
hibrido,severidade,SC480,7.969625817071546,0.7184746928863857,True
hibrido,severidade,SC480,2.7263896393294074,0.7468941070914745,True
hibrido,severidade,SC480,7.902891241155685,0.7609043461073964,True
hibrido,severidade,SC480,2.2150540576049815,0.7419889856645678,True
hibrido,severidade,SC480,14.538943041975628,0.7437328078185635,True
hibrido,severidade,SC480,8.393398158073673,0.7867090849722881,True
hibrido,severidade,SC480,3.2696842299238194,0.774130137942375,True
hibrido,severidade,SC480,11.111215760830252,0.7911915504235376,True
hibrido,severidade,SC480,10.89152453767217,0.7650970562714464,True
hibrido,severidade,SC480,10.566505024199934,0.7756848465716959,True
hibrido,severidade,SC480,7.169354142963624,0.7678231553985322,True
hibrido,severidade,SC480,1.5729109797336216,0.7751283358604334,True
hibrido,severidade,SC480,1.3459889299587413,0.7790741883189637,True
hibrido,severidade,SC480,6.744767890792636,0.8080906568498332,True
hibrido,severidade,SC480,8.884490365271237,0.8051171190997067,True
hibrido,severidade,SC480,8.484328849503054,0.7737560654060482,True
hibrido,severidade,SC480,3.210806905337593,0.818125500607875,True
hibrido,severidade,SC480,1.071796395828306,0.7659036922537694,True
hibrido,severidade,SC480,23.115824793657723,0.7636410957870414,True
hibrido,severidade,SC480,8.217362510363069,0.8771327796123879,True
hibrido,severidade,SC480,9.695621951296163,0.849777627236662,True
hibrido,severidade,SC480,4.964453027511251,0.818338945767703,True
hibrido,severidade,SC480,2.6641300023592107,0.748406272249248,True
hibrido,severidade,SC480,0.061800250107779675,0.7509755093077832,True
hibrido,severidade,SC480,7.109616454488266,0.7523056635483488,True
hibrido,severidade,SC480,2.9893828519182986,0.7719533955435973,True
hibrido,severidade,SC560,16.21012834745934,0.7994183928802919,True
hibrido,severidade,SC560,13.559256131940423,0.7764484752764482,True
hibrido,severidade,SC560,18.94265316218746,0.7340658511847116,True
hibrido,severidade,SC560,17.778938114841168,0.7222485430812254,True
hibrido,severidade,SC560,29.560326598095045,0.7793894282675718,True
hibrido,severidade,SC560,18.14920643972244,0.7761980657779961,True
hibrido,severidade,SC560,9.977572649116272,0.6948203465005032,True
hibrido,severidade,SC560,13.667594165699715,0.8018863273565457,True
hibrido,severidade,SC560,12.422883697708054,0.7505312887753989,True
hibrido,severidade,SC560,10.193062469965763,0.7153467114402368,True
hibrido,severidade,SC560,30.22235142028609,0.7637305880472786,True
hibrido,severidade,SC560,15.938746680288496,0.7547122116019352,True
hibrido,severidade,SC560,22.845222571036317,0.7548782936690824,True
hibrido,severidade,SC560,2.2801907928735154,0.6895155034816479,True
hibrido,severidade,SC560,5.704196253070726,0.6742129620712717,True
hibrido,severidade,SC560,3.952637513445212,0.7399886401692172,True
hibrido,severidade,SC560,15.468021924414233,0.7517800874380719,True
hibrido,severidade,SC560,24.92367669003348,0.72247522012775,True
hibrido,severidade,SC560,17.14364877467398,0.9034558344464406,True
hibrido,severidade,SC560,26.19941831554078,0.7689815657571362,True
hibrido,severidade,SC560,18.732040455368804,0.8343937113142814,True
hibrido,severidade,SC560,13.45166780624143,1.0472478651053285,False
hibrido,severidade,SC560,10.122441177397445,1.1654709683794149,False
hibrido,severidade,SC560,18.34755914370776,0.9151874684025126,True
hibrido,severidade,SC560,7.0861683395522235,0.7693384117884785,True
hibrido,severidade,SC560,5.326671691975626,0.8657525917825418,True
hibrido,severidade,SC560,3.7109083247759855,0.8614718667361457,True
hibrido,severidade,SC560,8.585309901695526,1.06287024188384,False
hibrido,severidade,SC560,7.66364177887755,0.8382690324694472,True
hibrido,severidade,SC560,2.1309492496591087,0.9029573277052233,True
hibrido,severidade,SC560,1.1503643395154306,0.8689729531491485,True
hibrido,severidade,SC560,14.642622553506213,0.8081131071686564,True
hibrido,campanha,A,180.739636064262,1.6331689431654999,False
hibrido,campanha,A,159.0353041661211,1.4451692433820125,False
hibrido,campanha,A,153.31456280072234,1.3774236543419736,False
hibrido,campanha,A,158.21282745113322,1.6102839948645562,False
hibrido,campanha,A,164.58688094290696,1.5354600200674118,False
hibrido,campanha,A,151.22109201786267,1.412049880804606,False
hibrido,campanha,A,161.14011367538134,1.5629657802909942,False
hibrido,campanha,A,169.5761129652185,1.5964752187652926,False
hibrido,campanha,A,176.10401169645255,1.5852900659511149,False
hibrido,campanha,A,172.3513480661187,1.5573607598103931,False
hibrido,campanha,A,169.36127993031235,1.5148076362209537,False
hibrido,campanha,A,159.80562719879876,1.5330406421644884,False
hibrido,campanha,A,158.29362275164908,1.5005204343552887,False
hibrido,campanha,A,168.50685536506538,1.5515945989723459,False
hibrido,campanha,A,151.84374419618447,1.434738561262494,False
hibrido,campanha,A,146.87174604875548,1.5838356610698232,False
hibrido,campanha,A,151.28172797016254,1.6771937662154086,False
hibrido,campanha,A,176.18389544769522,1.44270394808443,False
hibrido,campanha,A,177.21595467371532,1.4901327389285937,False
hibrido,campanha,A,161.1601774487601,1.4464921497570364,False
hibrido,campanha,A,171.0925942051095,1.4793582081246732,False
hibrido,campanha,A,154.00257526111275,1.5841849551122216,False
hibrido,campanha,B,65.19850068840675,1.628579495047652,False
hibrido,campanha,B,58.88388546332814,1.752073632791883,False
hibrido,campanha,B,44.13518401799689,1.4531663181844174,False
hibrido,campanha,B,19.865750302267376,1.385300764789465,False
hibrido,campanha,B,35.89352352448551,1.638343909612246,False
hibrido,campanha,B,38.62514971010464,1.6342464436792719,False
hibrido,campanha,B,31.249477481971194,1.7448191207298598,False
hibrido,campanha,B,30.83650556412995,1.700823972269179,False
hibrido,campanha,B,22.153749807583083,1.5237579487331931,False
hibrido,campanha,B,42.94404852863329,1.4523816677521888,False
hibrido,campanha,B,38.278869326930824,1.7512391870359272,False
hibrido,campanha,B,20.735668897376254,1.6624012867440616,False
hibrido,campanha,B,35.41769423741838,1.7756827425091541,False
hibrido,campanha,B,33.57729161904794,1.7692378657621546,False
hibrido,campanha,B,52.6733917092554,1.731779305278752,False
hibrido,campanha,B,47.314534331481156,1.6967021918535223,False
hibrido,campanha,B,15.889799419869627,1.7368156376769193,False
hibrido,campanha,B,51.68298983081118,1.6538330148225004,False
hibrido,campanha,B,65.77640142761722,1.6872697239916938,False
hibrido,campanha,B,61.182015126386695,1.935417572600737,False
hibrido,campanha,B,46.877389036752774,1.809514865318641,False
hibrido,campanha,B,61.002799030678396,1.7256482487893756,False
hibrido,campanha,B,37.15965035726689,1.9784358280693122,False
hibrido,campanha,B,59.16803518271929,1.9702007489621907,False
hibrido,campanha,B,35.3299411592667,2.022855415043222,False
hibrido,campanha,B,44.648834180423016,1.8926437245522814,False
hibrido,campanha,B,6.827827342427528,1.1677409524286082,False
hibrido,campanha,B,9.75533018402448,1.1556666814336642,False
hibrido,campanha,B,22.03054272138367,1.0847930518078344,False
hibrido,campanha,B,25.714554206554574,1.1073302668084997,False
hibrido,campanha,B,15.024213061510604,1.0394899616987052,False
hibrido,campanha,B,12.645767843456257,1.0653129647597097,False
hibrido,campanha,B,2.6802886503256462,1.0765576718721082,False
hibrido,campanha,B,26.151583679196634,1.2187508217173646,False
hibrido,campanha,B,10.707127105867132,1.1393471278126062,False
hibrido,campanha,B,3.4010666263219913,1.1083682144948193,False
hibrido,campanha,B,3.3297319293655425,1.1438754195778844,False
hibrido,campanha,B,3.4519552774413764,1.1861233705768162,False
hibrido,campanha,B,6.210724702836123,1.1361490510708496,False
hibrido,campanha,B,11.323435586607488,1.1168362736646096,False
hibrido,campanha,B,8.665615749448907,1.023880662006424,False
hibrido,campanha,B,37.02785113495871,1.4365629276724092,False
hibrido,campanha,B,9.961184082332686,1.3660173136527125,False
hibrido,campanha,B,16.43008618267432,1.395266375137469,False
hibrido,campanha,B,5.363848414695527,1.3452906393994337,False
hibrido,campanha,B,31.628472460156097,1.4039027889996831,False
hibrido,campanha,B,44.29941169435725,1.4212801060026314,False
hibrido,campanha,B,19.342300464857274,1.4011638456449196,False
hibrido,campanha,B,51.16457494296173,1.4379386217503327,False
hibrido,campanha,B,22.398699350163298,1.4114702711836786,False
hibrido,campanha,B,8.894428894963259,1.362875534035928,False
hibrido,campanha,B,27.445563220801738,1.3256361728173365,False
hibrido,campanha,B,7.259420215939305,1.2583195987966092,False
hibrido,campanha,B,28.15102255449261,1.2434698397460153,False
hibrido,campanha,B,11.587609955333011,1.1670134818723308,False
hibrido,campanha,B,13.168296624453601,1.0995496650822911,False
hibrido,campanha,B,1.719071677654882,1.1414406557334884,False
hibrido,campanha,C,54.06112307222026,1.0598881032102274,False
hibrido,campanha,C,53.51541717598959,1.1069089731221708,False
hibrido,campanha,C,63.624662435176326,1.0265090228924967,False
hibrido,campanha,C,61.915276662596575,0.9711955546929987,True
hibrido,campanha,C,55.3006104484441,0.9910458696235646,True
hibrido,campanha,C,54.5956797601715,0.9436412041697566,True
hibrido,campanha,C,55.341432308381535,0.924451187093179,True
hibrido,campanha,C,67.56624916748777,1.039983686734852,False
hibrido,campanha,C,48.79315004067283,1.151264656131966,False
hibrido,campanha,C,57.210897815716564,0.9421570711108512,True
hibrido,campanha,C,64.28124582571091,0.9406070077245802,True
hibrido,campanha,C,53.18862942183927,0.966417346753444,True
hibrido,campanha,C,47.62496695480054,1.2045952262357467,False
hibrido,campanha,C,45.35536853192771,0.9866495151525478,True
hibrido,campanha,C,59.021411856797265,1.0014446470040705,False
hibrido,campanha,C,61.938652199819046,0.986900962128427,True
hibrido,campanha,C,54.58302712733055,0.9742002006892168,True
hibrido,campanha,C,58.20672806970355,0.9235967975061491,True
hibrido,campanha,C,60.304624102922254,0.974585366163856,True
hibrido,campanha,C,45.993183030311954,1.003098808500189,False
hibrido,campanha,C,38.21693554167922,1.068247366664569,False
hibrido,campanha,C,59.97322001759149,1.1593767526125442,False
hibrido,campanha,C,53.56545749472777,0.8793505577269731,True
hibrido,campanha,C,40.347103985907616,1.0297306372355866,False
hibrido,campanha,C,47.42052835519487,1.0396059773833493,False
hibrido,campanha,C,40.322266498769956,0.9933074906978278,True
hibrido,campanha,C,18.012668230715924,0.9123031093896059,True
hibrido,campanha,C,23.0321216474797,0.8523769810334,True
hibrido,campanha,C,13.075190443575636,0.8698270500024349,True
hibrido,campanha,C,17.588276250794422,0.8311043146526138,True
hibrido,campanha,C,22.185218083660452,0.8004297877140906,True
hibrido,campanha,C,21.282334790255785,0.8731968493667065,True
hibrido,campanha,C,26.12413000870488,0.8128953272293604,True
hibrido,campanha,C,30.535068871566786,0.8235643249894681,True
hibrido,campanha,C,26.491389876282746,0.8624429372446193,True
hibrido,campanha,C,23.500224372396804,0.871659991694507,True
hibrido,campanha,C,39.48346074355338,0.9141812602503034,True
hibrido,campanha,C,40.880788420107564,0.7967340463080669,True
hibrido,campanha,C,23.2453064658543,0.8530824634836333,True
hibrido,campanha,C,26.35294950611271,0.8756421922510162,True
hibrido,campanha,C,25.030504606743097,0.8280123365618447,True
hibrido,campanha,C,30.434212268807602,0.8228049099023138,True
hibrido,campanha,C,29.429802635248347,0.9517544081739354,True
hibrido,campanha,C,27.574361088802114,0.8322743388516223,True
hibrido,campanha,C,1.9637197644552407,1.1079426425944925,False
hibrido,campanha,C,18.599229815897655,1.0179228827397768,False
hibrido,campanha,C,16.011380428760468,1.1901122973155802,False
hibrido,campanha,C,43.56483249933616,0.9122717824319931,True
hibrido,campanha,C,26.154849025040015,0.7667423805062729,True
hibrido,campanha,C,12.396749361463488,1.1669856046100993,False
hibrido,campanha,C,42.343368340029095,0.8449410095897096,True
hibrido,campanha,C,32.711508215940995,0.8440002044659816,True
hibrido,campanha,D,400.0,127.62699806151026,False
hibrido,campanha,D,400.0,130.61092763853665,False
hibrido,campanha,D,400.0,139.19408799640289,False
hibrido,campanha,D,400.0,127.09794853752263,False
hibrido,campanha,D,400.0,133.59068337113203,False
hibrido,campanha,D,400.0,120.85007443595852,False
hibrido,campanha,D,400.0,113.92884468608071,False
hibrido,campanha,D,400.0,108.63298320886825,False
hibrido,campanha,D,400.0,101.7499332780137,False
hibrido,campanha,D,400.0,101.21428776713776,False
hibrido,campanha,D,400.0,106.63409200522602,False
hibrido,campanha,D,400.0,109.17623755587258,False
hibrido,campanha,D,400.0,107.93706795784621,False
hibrido,campanha,D,400.0,107.15535640249912,False
hibrido,campanha,D,400.0,107.16445721399234,False
hibrido,campanha,D,400.0,110.77125192277005,False
hibrido,campanha,D,400.0,111.00965827099445,False
hibrido,campanha,D,400.0,111.02384536913644,False
hibrido,campanha,D,400.0,111.44658764585525,False
hibrido,campanha,D,400.0,100.39852372926056,False
hibrido,campanha,D,400.0,104.38307016694067,False
hibrido,campanha,D,400.0,89.99360187381949,False
hibrido,campanha,D,400.0,92.19181039438551,False
hibrido,campanha,D,400.0,91.76470250783873,False
hibrido,campanha,D,400.0,91.83660028474881,False
hibrido,campanha,D,480.0,101.88867385950643,False
hibrido,campanha,D,480.0,102.38162591883747,False
hibrido,campanha,D,480.0,102.84254041907026,False
hibrido,campanha,D,480.0,99.395854565272,False
hibrido,campanha,D,480.0,97.36520113044355,False
hibrido,campanha,D,480.0,98.85692090847789,False
hibrido,campanha,D,480.0,101.96345120303071,False
hibrido,campanha,D,480.0,100.60019914332207,False
hibrido,campanha,D,480.0,97.67053855836238,False
hibrido,campanha,D,480.0,97.82516087342285,False
hibrido,campanha,D,480.0,96.64583535772064,False
hibrido,campanha,D,480.0,97.96858484517108,False
hibrido,campanha,D,480.0,96.82358190119974,False
hibrido,campanha,D,480.0,97.57019157421549,False
hibrido,campanha,D,480.0,98.55195229654348,False
hibrido,campanha,D,480.0,99.04212969196136,False
hibrido,campanha,D,480.0,100.55630929768405,False
hibrido,campanha,D,480.0,102.497369769595,False
hibrido,campanha,D,480.0,99.821417434991,False
hibrido,campanha,D,480.0,102.41293814746685,False
hibrido,campanha,D,480.0,97.24753972460495,False
hibrido,campanha,D,480.0,101.4415540322147,False
hibrido,campanha,D,480.0,100.45586606750207,False
hibrido,campanha,D,480.0,102.17994124947985,False
hibrido,campanha,D,480.0,98.46063125393275,False
hibrido,campanha,D,480.0,96.70435371075537,False
hibrido,campanha,D,480.0,98.86896728473582,False
hibrido,campanha,D,560.0,79.03710864900077,False
hibrido,campanha,D,560.0,82.20557681187566,False
hibrido,campanha,D,560.0,82.42631137492577,False
hibrido,campanha,D,560.0,76.99116730572564,False
hibrido,campanha,D,560.0,76.77469748213798,False
hibrido,campanha,D,560.0,79.0488460347886,False
hibrido,campanha,D,560.0,79.21244946767314,False
hibrido,campanha,D,560.0,74.13080737534943,False
hibrido,campanha,D,560.0,72.00766833465777,False
hibrido,campanha,D,560.0,72.41523640296279,False
hibrido,campanha,D,560.0,71.68173111511878,False
hibrido,campanha,D,560.0,77.44047780066812,False
hibrido,campanha,D,560.0,80.14850507487449,False
hibrido,campanha,D,560.0,80.33479683750497,False
hibrido,campanha,D,560.0,79.04107940355219,False
hibrido,campanha,D,560.0,80.74408527631016,False
hibrido,campanha,D,560.0,80.09093761200705,False
hibrido,campanha,D,560.0,73.84828540031016,False
hibrido,campanha,D,560.0,71.76739179947349,False
hibrido,campanha,D,560.0,76.00488280227836,False
hibrido,campanha,D,560.0,76.07547990211995,False
hibrido,campanha,D,560.0,76.10715503206386,False
hibrido,campanha,D,560.0,69.29831938414624,False
hibrido,campanha,D,560.0,73.97527703760497,False
hibrido,campanha,D,560.0,72.88004859089774,False
hibrido,campanha,D,560.0,73.04001047510619,False
hibrido,campanha,D,560.0,74.05145115024443,False
hibrido,campanha,D,560.0,77.8230117951125,False
hibrido,campanha,D,560.0,81.51862008976559,False
hibrido,campanha,D,560.0,84.71465189113958,False
hibrido,campanha,D,560.0,80.4003952289123,False
hibrido,campanha,D,560.0,77.57426409643615,False
hibrido,campanha,D,600.0,75.18549644480741,False
hibrido,campanha,D,600.0,72.31788731118131,False
hibrido,campanha,D,600.0,71.1308940396656,False
hibrido,campanha,D,600.0,74.1666943870931,False
hibrido,campanha,D,600.0,72.48375713932924,False
hibrido,campanha,D,600.0,73.17708045548174,False
hibrido,campanha,D,600.0,75.31282389527799,False
hibrido,campanha,D,600.0,74.7250076856837,False
hibrido,campanha,D,600.0,73.56544548093285,False
hibrido,campanha,D,600.0,74.46137151344567,False
hibrido,campanha,D,600.0,74.52456755563168,False
hibrido,campanha,D,600.0,73.14736714725746,False
hibrido,campanha,D,600.0,73.86520001758747,False
hibrido,campanha,D,600.0,73.03425527672657,False
hibrido,campanha,D,600.0,74.03290866954272,False
hibrido,campanha,D,600.0,71.84323019927417,False
hibrido,campanha,D,600.0,74.14567591998036,False
hibrido,campanha,D,600.0,73.913589756595,False
hibrido,campanha,D,600.0,72.89883953114746,False
hibrido,campanha,D,600.0,74.65903005236778,False
hibrido,campanha,D,600.0,73.7603841305877,False
hibrido,campanha,D,600.0,74.71098391245225,False
hibrido,campanha,D,600.0,75.70795806795084,False
hibrido,campanha,D,600.0,76.3090149772249,False
hibrido,campanha,D,600.0,76.64770712909525,False
hibrido,campanha,D,600.0,75.72347655123353,False
hibrido,campanha,D,600.0,78.1948606828402,False
hibrido,campanha,D,600.0,77.8389986595761,False
hibrido,campanha,D,600.0,76.97658592226932,False
hibrido,campanha,D,600.0,75.53519136210429,False
hibrido,campanha,D,600.0,76.50871505469622,False
hibrido,campanha,D,600.0,80.21181706508649,False
hibrido,campanha,D,600.0,76.45474933641452,False
hibrido,campanha,D,600.0,79.05385283650368,False
hibrido,campanha,D,600.0,83.12806395072019,False
hibrido,campanha,D,600.0,76.29844612318301,False
hibrido,campanha,D,600.0,75.10523193718957,False
hibrido,campanha,D,600.0,79.06912439386564,False
hibrido,campanha,D,600.0,79.09779432471346,False
hibrido,campanha,D,600.0,82.10313515444548,False
mobilenet,severidade,SC80,35.035563707351685,1.2100344566958752,False
mobilenet,severidade,SC80,14.373577833175661,1.211100502895442,False
mobilenet,severidade,SC80,47.186524868011475,1.1240690064782197,False
mobilenet,severidade,SC80,50.618393421173096,1.094089259017324,False
mobilenet,severidade,SC80,24.46987748146057,1.2487692555763301,False
mobilenet,severidade,SC80,13.372952938079836,1.1848720707235332,False
mobilenet,severidade,SC80,46.17735266685486,1.1786465880857164,False
mobilenet,severidade,SC80,51.503236293792725,1.1708308648619286,False
mobilenet,severidade,SC80,31.329305171966553,1.0970093685320752,False
mobilenet,severidade,SC80,31.819255352020264,1.1835450330140338,False
mobilenet,severidade,SC80,33.97773623466492,1.1497840833103206,False
mobilenet,severidade,SC80,26.049948930740356,1.2280367393649128,False
mobilenet,severidade,SC80,13.014430999755861,1.2241329067958417,False
mobilenet,severidade,SC80,3.2509219646453866,1.2136670283028286,False
mobilenet,severidade,SC80,15.200878381729128,1.219827175111084,False
mobilenet,severidade,SC80,2.830798625946046,1.253830705023015,False
mobilenet,severidade,SC80,2.8828513622283944,1.2314024224844964,False
mobilenet,severidade,SC80,19.348878860473633,1.195419719520159,False
mobilenet,severidade,SC80,35.94642400741577,1.4239926797548927,False
mobilenet,severidade,SC80,39.055891036987305,1.533541885033249,False
mobilenet,severidade,SC80,18.01328182220459,1.4254830905438494,False
mobilenet,severidade,SC80,11.169339418411257,1.3867707571370973,False
mobilenet,severidade,SC80,12.098438739776613,1.5789700213495108,False
mobilenet,severidade,SC80,9.690566062927248,1.545990404403468,False
mobilenet,severidade,SC80,2.3092615604400626,1.4513900369287625,False
mobilenet,severidade,SC80,11.590938568115233,1.4114632779782317,False
mobilenet,severidade,SC160,60.278955698013306,1.0254572883411766,False
mobilenet,severidade,SC160,65.04876375198364,0.9699322600614244,True
mobilenet,severidade,SC160,21.30343675613403,1.1479528051109726,False
mobilenet,severidade,SC160,33.37965369224548,1.1163579386963731,False
mobilenet,severidade,SC160,22.856793403625485,1.202208616044493,False
mobilenet,severidade,SC160,21.731106042861935,1.0636762781293487,False
mobilenet,severidade,SC160,13.305089473724363,1.1228690497988238,False
mobilenet,severidade,SC160,26.94719791412353,1.1103720022656054,False
mobilenet,severidade,SC160,4.953799247741697,1.2956328283788017,False
mobilenet,severidade,SC160,1.2870943546295144,1.265392158975889,False
mobilenet,severidade,SC160,18.678519725799557,1.14120381538802,False
mobilenet,severidade,SC160,2.5204455852508523,1.2072550786163772,False
mobilenet,severidade,SC160,9.25713539123535,1.1082357922199697,False
mobilenet,severidade,SC160,9.426829814910887,1.16858660049596,False
mobilenet,severidade,SC160,1.4979684352874778,1.2581974457352456,False
mobilenet,severidade,SC160,25.74224233627319,1.5248230200276462,False
mobilenet,severidade,SC160,13.015820980072023,1.479829178614742,False
mobilenet,severidade,SC160,18.978587388992306,1.5495817633085753,False
mobilenet,severidade,SC160,6.05743885040283,1.487558376811709,False
mobilenet,severidade,SC160,15.89395761489868,1.5090710359329826,False
mobilenet,severidade,SC160,17.197207212448117,1.379734783283756,False
mobilenet,severidade,SC160,5.5666840076446515,1.481266422008734,False
mobilenet,severidade,SC160,0.0756645202636741,1.5111041375439813,False
mobilenet,severidade,SC160,18.134585618972775,1.499868608141645,False
mobilenet,severidade,SC160,8.455923795700071,1.3921347257352756,False
mobilenet,severidade,SC160,14.648947715759276,1.5876512967423966,False
mobilenet,severidade,SC160,32.8323757648468,1.2801421597231708,False
mobilenet,severidade,SC160,32.449445724487305,1.3498420030959977,False
mobilenet,severidade,SC160,0.2794766426086448,1.3269104328534036,False
mobilenet,severidade,SC160,16.153237819671627,1.193549152521538,False
mobilenet,severidade,SC160,16.79092407226562,1.292324438234137,False
mobilenet,severidade,SC240,24.911735057830796,0.847520640106232,True
mobilenet,severidade,SC240,0.5358016490936146,0.8889632549760409,True
mobilenet,severidade,SC240,20.794723033905015,0.801927754887902,True
mobilenet,severidade,SC240,29.863629341125474,0.7809929431057682,True
mobilenet,severidade,SC240,22.713575363159165,0.9204729246259653,True
mobilenet,severidade,SC240,22.188595533370957,0.8322938518061671,True
mobilenet,severidade,SC240,29.301009178161607,0.813194756669687,True
mobilenet,severidade,SC240,28.68161559104918,0.848698387271914,True
mobilenet,severidade,SC240,14.792332649230943,0.9377657377800651,True
mobilenet,severidade,SC240,21.7355704307556,0.8350911752021217,True
mobilenet,severidade,SC240,29.9803590774536,0.835801883218216,True
mobilenet,severidade,SC240,19.386044740676866,0.8603883964199532,True
mobilenet,severidade,SC240,8.614239692687974,0.9608724464693743,True
mobilenet,severidade,SC240,18.533048629760728,0.7687686192577472,True
mobilenet,severidade,SC240,15.682754516601548,0.7895481606151497,True
mobilenet,severidade,SC240,23.216292858123765,0.8209617296958324,True
mobilenet,severidade,SC240,28.67533922195433,0.831707614291478,True
mobilenet,severidade,SC240,24.388257265090928,0.8158587482537062,True
mobilenet,severidade,SC240,23.228309154510484,0.842128463956095,True
mobilenet,severidade,SC240,37.724933624267564,0.8061282908486763,True
mobilenet,severidade,SC240,40.9908092021942,0.8476558437841517,True
mobilenet,severidade,SC240,28.133068084716783,0.9561531116885877,True
mobilenet,severidade,SC240,29.333517551422105,0.7941499799929124,True
mobilenet,severidade,SC240,40.089461803436265,0.8256912996337432,True
mobilenet,severidade,SC240,45.67612767219542,0.8000954900318152,True
mobilenet,severidade,SC240,46.10717654228209,0.7817983950175925,True
mobilenet,severidade,SC320,35.956497192382805,0.8970637135737584,True
mobilenet,severidade,SC320,30.74455380439758,0.9058333050064785,True
mobilenet,severidade,SC320,34.343184232711785,0.9094053258887624,True
mobilenet,severidade,SC320,35.4464304447174,0.8868110869153096,True
mobilenet,severidade,SC320,42.026979923248284,0.8626754484447293,True
mobilenet,severidade,SC320,35.956497192382805,0.8573826922323267,True
mobilenet,severidade,SC320,40.054841041564934,0.8240896358429156,True
mobilenet,severidade,SC320,33.25907111167907,0.8231810288783443,True
mobilenet,severidade,SC320,39.90649700164794,0.84184322773533,True
mobilenet,severidade,SC320,28.634924888610836,0.8263067133200702,True
mobilenet,severidade,SC320,32.75322437286376,0.8401422688790768,True
mobilenet,severidade,SC320,28.76045227050781,0.8140233924349406,True
mobilenet,severidade,SC320,20.02365708351135,0.8737580496421952,True
mobilenet,severidade,SC320,14.583761692047116,0.8766721658763975,True
mobilenet,severidade,SC320,20.48955678939819,0.9429376484753375,True
mobilenet,severidade,SC320,22.72862911224365,0.8784855192047488,True
mobilenet,severidade,SC320,11.414570808410641,0.9401197923155861,True
mobilenet,severidade,SC320,28.197653293609616,0.8202235537267626,True
mobilenet,severidade,SC320,40.35367488861083,0.9698597666190484,True
mobilenet,severidade,SC320,16.86653614044189,1.2726394571707418,False
mobilenet,severidade,SC320,31.917358636856076,1.2614259233332263,False
mobilenet,severidade,SC320,15.990347862243649,1.006496813498713,False
mobilenet,severidade,SC320,15.96774578094482,0.8435787681052763,True
mobilenet,severidade,SC320,24.04562950134277,1.1148267649578931,False
mobilenet,severidade,SC320,19.05239343643188,0.8511000014933969,True
mobilenet,severidade,SC320,21.568663120269772,0.8018087793176701,True
mobilenet,severidade,SC400,24.532639980316183,0.774281741446857,True
mobilenet,severidade,SC400,23.100733757019064,0.8455630136922923,True
mobilenet,severidade,SC400,20.952320098876974,0.8413182469055546,True
mobilenet,severidade,SC400,5.440223217010476,0.9308902747962468,True
mobilenet,severidade,SC400,0.12612342834470436,0.9056734176123736,True
mobilenet,severidade,SC400,5.194878578186057,0.9710780307506526,True
mobilenet,severidade,SC400,32.505524158477805,0.8374051732861504,True
mobilenet,severidade,SC400,8.893752098083517,1.0872869777485417,False
mobilenet,severidade,SC400,2.076625823974587,1.1576600454489419,False
mobilenet,severidade,SC400,4.368543624877952,1.17648133746932,False
mobilenet,severidade,SC400,17.86334514617922,0.9973393081828751,True
mobilenet,severidade,SC400,4.565739631652854,1.0982671969543407,False
mobilenet,severidade,SC400,10.216689109802267,1.104847419861048,False
mobilenet,severidade,SC400,1.688337326049827,1.261382259281426,False
mobilenet,severidade,SC400,7.963538169860818,1.2580641117111289,False
mobilenet,severidade,SC400,2.020907402038552,1.1451127465173931,False
mobilenet,severidade,SC400,8.442401885986307,1.1024471687681046,False
mobilenet,severidade,SC400,0.45664310455320045,1.079070245637293,False
mobilenet,severidade,SC400,16.375577449798605,1.0581189135970144,False
mobilenet,severidade,SC400,10.03209352493284,1.2768364506624503,False
mobilenet,severidade,SC400,3.431987762451194,1.124907235101575,False
mobilenet,severidade,SC400,21.99631929397581,1.3460969197760635,False
mobilenet,severidade,SC400,7.895147800445579,1.4082561805666056,False
mobilenet,severidade,SC400,27.55911350250242,1.2736358221769402,False
mobilenet,severidade,SC400,1.215338706970237,1.1849974798024336,False
mobilenet,severidade,SC480,11.437039375305202,0.8058988025743139,True
mobilenet,severidade,SC480,1.695756912231472,0.8091136667764184,True
mobilenet,severidade,SC480,15.588884353637722,0.8936301558629234,True
mobilenet,severidade,SC480,7.629840373992947,0.8221643883126957,True
mobilenet,severidade,SC480,15.995149612426784,0.8063575666743162,True
mobilenet,severidade,SC480,6.528668403625515,0.8456419462830281,True
mobilenet,severidade,SC480,4.012591838836643,0.9346893643612386,True
mobilenet,severidade,SC480,11.130766868591335,0.7786431238019696,True
mobilenet,severidade,SC480,0.504355430603054,0.8204879756363922,True
mobilenet,severidade,SC480,2.438085079193142,0.8285682411939151,True
mobilenet,severidade,SC480,6.470196247100857,0.8261521097735129,True
mobilenet,severidade,SC480,7.931799888610813,0.8547903534295402,True
mobilenet,severidade,SC480,13.257915973663303,0.9054923700153417,True
mobilenet,severidade,SC480,16.20133638381955,0.8990608927826826,True
mobilenet,severidade,SC480,8.795900344848606,0.8301569447698798,True
mobilenet,severidade,SC480,8.548157215118435,0.8145547895957497,True
mobilenet,severidade,SC480,3.4044456481933327,0.8539617121123004,True
mobilenet,severidade,SC480,3.1361031532287864,0.919320463642964,True
mobilenet,severidade,SC480,13.204987049102757,0.91184625636941,True
mobilenet,severidade,SC480,11.861271858215305,0.9207528612148862,True
mobilenet,severidade,SC480,12.59816408157346,0.9246234825502869,True
mobilenet,severidade,SC480,13.25790166854861,1.0526381533964928,False
mobilenet,severidade,SC480,15.818746089935276,0.8857281280458245,True
mobilenet,severidade,SC480,7.797603607177761,0.8393278011632335,True
mobilenet,severidade,SC480,3.2221841812134056,0.86417322850471,True
mobilenet,severidade,SC480,4.42073822021487,0.8093873048933248,True
mobilenet,severidade,SC480,4.007749557495144,0.8392772100544927,True
mobilenet,severidade,SC560,2.1671199798583896,0.793827325097545,True
mobilenet,severidade,SC560,11.307582855224618,0.7922510781233034,True
mobilenet,severidade,SC560,5.9521460533142,0.7740171992196764,True
mobilenet,severidade,SC560,6.637284755706796,0.7730472295517293,True
mobilenet,severidade,SC560,11.737313270568839,0.8288989534239689,True
mobilenet,severidade,SC560,4.352149963378915,0.7388380492441757,True
mobilenet,severidade,SC560,2.547452449798593,0.7305430577794484,True
mobilenet,severidade,SC560,0.4205322265625089,0.7317323947208575,True
mobilenet,severidade,SC560,7.023701667785653,0.737308616750004,True
mobilenet,severidade,SC560,6.7694997787475675,0.7185699520941558,True
mobilenet,severidade,SC560,5.847606658935556,0.8286620284637086,True
mobilenet,severidade,SC560,2.2160792350768954,0.7248206330277392,True
mobilenet,severidade,SC560,0.9866261482238681,0.8177393147762783,True
mobilenet,severidade,SC560,1.3458633422851474,0.745750614348155,True
mobilenet,severidade,SC560,7.469775676727286,0.7278514598797354,True
mobilenet,severidade,SC560,9.964373111724845,0.7377890383908275,True
mobilenet,severidade,SC560,21.84931278228759,0.7850767635661613,True
mobilenet,severidade,SC560,3.2985472679138095,0.7615928474430366,True
mobilenet,severidade,SC560,5.143544673919687,1.038696141140831,False
mobilenet,severidade,SC560,15.018115043640146,0.9396491406409965,True
mobilenet,severidade,SC560,15.49340248107911,1.079254722619925,False
mobilenet,severidade,SC560,27.637801170349128,1.1153589776343815,False
mobilenet,severidade,SC560,5.649802684783944,1.4195753929113042,False
mobilenet,severidade,SC560,38.73935699462891,1.036597072291889,False
mobilenet,severidade,SC560,54.703149795532234,0.9150547482200974,True
mobilenet,severidade,SC560,2.010331153869638,0.8715838475045793,True
mobilenet,severidade,SC560,32.749912738800056,1.0769112543815864,False
mobilenet,severidade,SC560,4.704556465148935,1.0662106341482933,False
mobilenet,severidade,SC560,33.135793209075935,0.9113892087335731,True
mobilenet,severidade,SC560,25.69080352783204,0.8550093550586957,True
mobilenet,severidade,SC560,12.605986595153817,0.9518011722440413,True
mobilenet,severidade,SC560,1.304306983947745,0.8541138137340144,True
mobilenet,campanha,A,187.53747940063477,1.3212302413532786,False
mobilenet,campanha,A,189.34543132781982,1.3455138721992612,False
mobilenet,campanha,A,189.68292474746704,1.3925277164170486,False
mobilenet,campanha,A,182.44560956954956,1.3593171740738157,False
mobilenet,campanha,A,182.82185196876526,1.3354033808106156,False
mobilenet,campanha,A,173.88732433319092,1.338107570142047,False
mobilenet,campanha,A,189.19165134429932,1.3973785646232695,False
mobilenet,campanha,A,190.78940749168396,1.2872049260825593,False
mobilenet,campanha,A,185.57183146476746,1.3740739873532213,False
mobilenet,campanha,A,175.84490776062012,1.3565510960790261,False
mobilenet,campanha,A,167.15651750564575,1.377475115520927,False
mobilenet,campanha,A,186.24826669692993,1.3558657345280984,False
mobilenet,campanha,A,183.06387662887573,1.3481291191219031,False
mobilenet,campanha,A,194.17816400527954,1.3394247354164392,False
mobilenet,campanha,A,179.11593317985535,1.2987203399426819,False
mobilenet,campanha,A,161.71395778656006,1.361726468991555,False
mobilenet,campanha,A,163.2693350315094,1.195747979011269,False
mobilenet,campanha,A,178.6470651626587,1.328047819555944,False
mobilenet,campanha,A,183.68046283721924,1.38434238673028,False
mobilenet,campanha,A,182.95068740844727,1.2580673895276973,False
mobilenet,campanha,A,183.6038589477539,1.3150277708483256,False
mobilenet,campanha,A,185.09196639060974,1.1882371206693307,False
mobilenet,campanha,B,60.34731149673462,1.325684210927396,False
mobilenet,campanha,B,56.25608444213867,1.261574315894913,False
mobilenet,campanha,B,46.738247871398926,1.24645484292263,False
mobilenet,campanha,B,29.262797832489014,1.2167664990542757,False
mobilenet,campanha,B,46.31746292114258,1.3321633802549115,False
mobilenet,campanha,B,51.57602310180664,1.3214364540795231,False
mobilenet,campanha,B,27.56978750228882,1.2875385791414375,False
mobilenet,campanha,B,20.691351890563965,1.3069575361523125,False
mobilenet,campanha,B,21.678905487060547,1.2525633622966472,False
mobilenet,campanha,B,40.044026374816895,1.2708135003272303,False
mobilenet,campanha,B,39.778380393981934,1.3051029470200606,False
mobilenet,campanha,B,33.36650609970093,1.2928295779771333,False
mobilenet,campanha,B,61.98227882385254,1.3285303148567515,False
mobilenet,campanha,B,69.64273929595947,1.2957840165020513,False
mobilenet,campanha,B,53.62487316131592,1.3626461213757364,False
mobilenet,campanha,B,69.78407382965088,1.2930442920036094,False
mobilenet,campanha,B,70.99235534667969,1.3079541774834964,False
mobilenet,campanha,B,57.91111469268799,1.281354747440933,False
mobilenet,campanha,B,53.01136255264282,1.5540712734104747,False
mobilenet,campanha,B,58.7722110748291,1.612960401584661,False
mobilenet,campanha,B,69.89987373352051,1.508459468234088,False
mobilenet,campanha,B,76.36557102203369,1.4764261122014726,False
mobilenet,campanha,B,64.97955799102783,1.6645822289427372,False
mobilenet,campanha,B,74.9894905090332,1.6198507712883994,False
mobilenet,campanha,B,80.0,1.5340805000171944,False
mobilenet,campanha,B,77.92218208312988,1.4758540033141196,False
mobilenet,campanha,B,74.12475109100342,1.140565988991076,False
mobilenet,campanha,B,79.94893550872803,1.1657010930813672,False
mobilenet,campanha,B,50.368103981018066,1.3246947436649248,False
mobilenet,campanha,B,57.28391170501709,1.282318458873025,False
mobilenet,campanha,B,48.56678605079651,1.2637225184144854,False
mobilenet,campanha,B,44.7409725189209,1.2381605880257749,False
mobilenet,campanha,B,42.82254934310913,1.3452956207987412,False
mobilenet,campanha,B,48.36238384246826,1.2827053659436065,False
mobilenet,campanha,B,37.063167095184326,1.4134275974145873,False
mobilenet,campanha,B,36.307231187820435,1.4212009625798998,False
mobilenet,campanha,B,42.680338621139526,1.286361369887651,False
mobilenet,campanha,B,29.82159614562988,1.3394563599264142,False
mobilenet,campanha,B,44.64999198913574,1.3080561539452,False
mobilenet,campanha,B,45.80772280693054,1.3825779627195902,False
mobilenet,campanha,B,29.597399234771725,1.4638680434746254,False
mobilenet,campanha,B,43.78732204437256,1.5645387323024165,False
mobilenet,campanha,B,13.698247671127318,1.5315134765977665,False
mobilenet,campanha,B,37.24205255508423,1.5662056410233418,False
mobilenet,campanha,B,28.94481778144836,1.5116701256980356,False
mobilenet,campanha,B,36.71390771865845,1.5437972988438184,False
mobilenet,campanha,B,36.978230476379395,1.4801258687276666,False
mobilenet,campanha,B,20.55442094802856,1.521434371906147,False
mobilenet,campanha,B,18.12929272651672,1.5274869458602014,False
mobilenet,campanha,B,27.697393894195553,1.5059280072582792,False
mobilenet,campanha,B,18.10524225234985,1.3965358061752913,False
mobilenet,campanha,B,24.32133316993713,1.6129903294592915,False
mobilenet,campanha,B,55.82189321517944,1.3815755636594391,False
mobilenet,campanha,B,49.49960470199585,1.4234606094844768,False
mobilenet,campanha,B,17.160496711730953,1.4465067048195752,False
mobilenet,campanha,B,20.424280166625973,1.3565483784997856,False
mobilenet,campanha,B,38.4321129322052,1.4581230923553774,False
mobilenet,campanha,C,3.0707144737243786,1.3631103237543158,False
mobilenet,campanha,C,31.54238104820253,1.448532624786995,False
mobilenet,campanha,C,8.293547630310073,1.341784137356285,False
mobilenet,campanha,C,0.2634966373443737,1.3494030549769984,False
mobilenet,campanha,C,7.646008729934706,1.40097356131836,False
mobilenet,campanha,C,7.953550815582289,1.3898455287417346,False
mobilenet,campanha,C,0.07322788238524058,1.381484516662084,False
mobilenet,campanha,C,2.711495161056532,1.4024557626271095,False
mobilenet,campanha,C,18.26068997383119,1.4790730089579167,False
mobilenet,campanha,C,9.232714176177993,1.4097467426486876,False
mobilenet,campanha,C,1.407941579818739,1.415527282986839,False
mobilenet,campanha,C,12.289538383483901,1.42676026490651,False
mobilenet,campanha,C,24.26892757415773,1.490037932241623,False
mobilenet,campanha,C,10.104467868804946,1.357100402579377,False
mobilenet,campanha,C,13.238557577133193,1.3583366775483576,False
mobilenet,campanha,C,5.104866027832045,1.3373919867574895,False
mobilenet,campanha,C,0.7472419738769664,1.363887568453894,False
mobilenet,campanha,C,5.316456556320204,1.3687908390062618,False
mobilenet,campanha,C,5.373158454895033,1.367570357471945,False
mobilenet,campanha,C,11.573288440704331,1.3579475896324673,False
mobilenet,campanha,C,20.668408870697007,1.3140056345488365,False
mobilenet,campanha,C,11.751834154129014,1.3148694029176853,False
mobilenet,campanha,C,0.6390309333801136,1.3559719956947687,False
mobilenet,campanha,C,16.77954554557799,1.344385684917058,False
mobilenet,campanha,C,21.62229180335997,1.32935212575573,False
mobilenet,campanha,C,19.959876537322984,1.345003813448354,False
mobilenet,campanha,C,40.09382247924804,1.107373234879454,False
mobilenet,campanha,C,32.21066713333129,1.1048938805138597,False
mobilenet,campanha,C,35.475022792816155,1.111739671904352,False
mobilenet,campanha,C,36.098546981811516,1.0810299649236985,False
mobilenet,campanha,C,49.90015745162963,1.2098153612187101,False
mobilenet,campanha,C,37.4540102481842,1.120053608088615,False
mobilenet,campanha,C,42.15511798858642,1.138019266742573,False
mobilenet,campanha,C,36.02469682693481,1.1184208498652903,False
mobilenet,campanha,C,45.019323825836175,1.1733913138182193,False
mobilenet,campanha,C,28.295571804046627,1.1073378518557624,False
mobilenet,campanha,C,32.280511856079094,1.1901307967063153,False
mobilenet,campanha,C,30.707771778106686,1.1823959889391782,False
mobilenet,campanha,C,19.380016326904293,1.1015071199106228,False
mobilenet,campanha,C,13.053865432739254,1.0703649557411126,False
mobilenet,campanha,C,20.014126300811764,1.1342074442889334,False
mobilenet,campanha,C,23.125345706939694,1.1653865135251584,False
mobilenet,campanha,C,9.506554603576657,1.1255524451227585,False
mobilenet,campanha,C,28.87702107429504,1.107659772908359,False
mobilenet,campanha,C,35.651154518127434,1.2523524168727806,False
mobilenet,campanha,C,3.7134838104248002,1.3289487127290334,False
mobilenet,campanha,C,27.111322879791256,1.3343952631087337,False
mobilenet,campanha,C,11.314506530761715,1.0683286054272063,False
mobilenet,campanha,C,16.695482730865475,1.0966518742922335,False
mobilenet,campanha,C,28.655345439910885,1.4676569342157515,False
mobilenet,campanha,C,12.680144309997555,1.1051587518126702,False
mobilenet,campanha,C,16.837747097015377,1.078876202420345,False
mobilenet,campanha,D,40.63906669616697,1.458776642534671,False
mobilenet,campanha,D,28.255772590637186,1.2955141364915521,False
mobilenet,campanha,D,31.939411163330057,1.3891417741629226,False
mobilenet,campanha,D,50.0049829483032,1.5353304830495977,False
mobilenet,campanha,D,42.21184253692625,1.5260937437484254,False
mobilenet,campanha,D,31.34610652923582,1.4467271369768884,False
mobilenet,campanha,D,28.92113924026487,1.3481925244634334,False
mobilenet,campanha,D,17.070674896240213,1.4006009644888193,False
mobilenet,campanha,D,52.72710323333738,1.4552927826382107,False
mobilenet,campanha,D,20.39811611175535,1.568539543309869,False
mobilenet,campanha,D,23.786640167236307,1.439865241077623,False
mobilenet,campanha,D,48.249244689941385,1.3724001058191189,False
mobilenet,campanha,D,5.858755111694314,1.5408602516556686,False
mobilenet,campanha,D,38.05677890777586,1.458157789180829,False
mobilenet,campanha,D,45.852959156036356,1.4804389577496972,False
mobilenet,campanha,D,24.56827163696287,1.501038347328224,False
mobilenet,campanha,D,25.928688049316385,1.488876928152017,False
mobilenet,campanha,D,32.16471672058103,1.4384203344698356,False
mobilenet,campanha,D,31.711316108703592,1.5592745644026607,False
mobilenet,campanha,D,20.42536735534666,1.5559110362735697,False
mobilenet,campanha,D,43.42949390411375,1.407969889678279,False
mobilenet,campanha,D,44.821953773498514,1.602374949673576,False
mobilenet,campanha,D,35.902392864227274,1.785346879782796,False
mobilenet,campanha,D,37.798500061035135,1.5491834725383236,False
mobilenet,campanha,D,49.53259229660032,1.4535554796867411,False
mobilenet,campanha,D,82.08485126495364,2.0780956513606803,False
mobilenet,campanha,D,81.87313556671145,2.0491604733792643,False
mobilenet,campanha,D,74.65177059173587,2.162850679450148,False
mobilenet,campanha,D,82.69210338592532,1.901296045375425,False
mobilenet,campanha,D,102.97654151916507,1.8043830011912387,False
mobilenet,campanha,D,91.37988567352298,1.7582718142023561,False
mobilenet,campanha,D,81.3882637023926,2.085088715155213,False
mobilenet,campanha,D,95.12160301208499,1.8951886783156617,False
mobilenet,campanha,D,77.93901443481448,1.9905585743027745,False
mobilenet,campanha,D,84.13842201232913,1.9804945578323854,False
mobilenet,campanha,D,69.55578804016116,1.9911722036280162,False
mobilenet,campanha,D,57.35273838043216,1.9974388587827148,False
mobilenet,campanha,D,60.018818378448515,2.1357098806641144,False
mobilenet,campanha,D,53.6670255661011,2.115917976649305,False
mobilenet,campanha,D,44.16513919830325,2.112629465570921,False
mobilenet,campanha,D,86.59990310668948,2.012684245928892,False
mobilenet,campanha,D,51.97190523147586,2.089980137317863,False
mobilenet,campanha,D,60.62632083892825,2.0544880273010984,False
mobilenet,campanha,D,58.34665775299075,2.043283829274103,False
mobilenet,campanha,D,59.497039318084745,2.0054128458905107,False
mobilenet,campanha,D,60.84254264831546,2.1617181697526866,False
mobilenet,campanha,D,68.36531639099124,2.3387832459456366,False
mobilenet,campanha,D,60.16533851623538,2.257510764282581,False
mobilenet,campanha,D,79.99630451202395,2.0086484599478633,False
mobilenet,campanha,D,68.00783157348636,2.0197168033796467,False
mobilenet,campanha,D,76.30601406097415,1.9934413126910433,False
mobilenet,campanha,D,67.1303200721741,2.0410475868138724,False
mobilenet,campanha,D,148.59519958496094,2.6476150104897482,False
mobilenet,campanha,D,176.01266860961914,2.561720278469146,False
mobilenet,campanha,D,164.81576919555664,2.655434396202553,False
mobilenet,campanha,D,153.38977336883545,2.701670810619895,False
mobilenet,campanha,D,146.1206293106079,2.743955948913171,False
mobilenet,campanha,D,145.3787660598755,2.771388487307863,False
mobilenet,campanha,D,151.14301204681396,2.77151696855985,False
mobilenet,campanha,D,158.21510314941406,2.8202536329171077,False
mobilenet,campanha,D,156.97012901306152,2.7739443209120918,False
mobilenet,campanha,D,151.12792015075684,2.665082490441546,False
mobilenet,campanha,D,155.12734413146973,2.8208203952429023,False
mobilenet,campanha,D,144.04467105865479,2.8382989202837416,False
mobilenet,campanha,D,159.450421333313,2.635418545544528,False
mobilenet,campanha,D,137.2680163383484,2.725988932420772,False
mobilenet,campanha,D,135.31697750091553,2.8759551513144546,False
mobilenet,campanha,D,131.26212120056152,2.9791616573829596,False
mobilenet,campanha,D,102.86732673645021,2.859707228302403,False
mobilenet,campanha,D,149.44377899169922,2.7426588375373977,False
mobilenet,campanha,D,107.44668006896974,3.0434849125830046,False
mobilenet,campanha,D,139.30495738983154,2.8900584165505454,False
mobilenet,campanha,D,126.39029979705812,3.0506160399905573,False
mobilenet,campanha,D,125.78605175018312,3.0307862244539026,False
mobilenet,campanha,D,98.118314743042,3.488259662902872,False
mobilenet,campanha,D,135.91629028320312,2.835285640883638,False
mobilenet,campanha,D,204.36962604522705,2.7266016064950693,False
mobilenet,campanha,D,150.65749645233154,2.9583179623754687,False
mobilenet,campanha,D,165.18927574157715,2.824100010546869,False
mobilenet,campanha,D,132.3273515701294,2.9988392895035756,False
mobilenet,campanha,D,162.11639404296875,2.9063096232377172,False
mobilenet,campanha,D,149.48132991790771,2.772608880092185,False
mobilenet,campanha,D,151.89932346343994,3.013111872969515,False
mobilenet,campanha,D,144.96052026748657,2.8518924397347662,False
mobilenet,campanha,D,206.60104751586914,3.1600023032294366,False
mobilenet,campanha,D,190.43941497802734,2.966037584067796,False
mobilenet,campanha,D,196.8303680419922,2.944237384349302,False
mobilenet,campanha,D,202.91376113891602,2.938018103671114,False
mobilenet,campanha,D,223.01344871520996,2.9280692247910856,False
mobilenet,campanha,D,204.6360969543457,2.908978952594747,False
mobilenet,campanha,D,197.21310138702393,3.053945507453171,False
mobilenet,campanha,D,202.95535326004028,3.0666598378164833,False
mobilenet,campanha,D,229.1637897491455,2.8868872819319225,False
mobilenet,campanha,D,199.73652362823486,2.992771177287298,False
mobilenet,campanha,D,220.26232481002808,2.8671390209446233,False
mobilenet,campanha,D,224.5619773864746,2.8419246349454075,False
mobilenet,campanha,D,192.9072618484497,3.0630351381089462,False
mobilenet,campanha,D,197.07534313201904,3.0497692697317618,False
mobilenet,campanha,D,192.33630895614624,3.10582452949436,False
mobilenet,campanha,D,188.54856491088867,3.2502428897172164,False
mobilenet,campanha,D,183.86600017547607,3.208653950252666,False
mobilenet,campanha,D,202.37066745758057,3.1099246456561587,False
mobilenet,campanha,D,166.68784618377686,3.2245575650025398,False
mobilenet,campanha,D,189.67695236206055,3.1307712661196656,False
mobilenet,campanha,D,185.5867624282837,3.171105065546801,False
mobilenet,campanha,D,191.77372455596924,3.1199066598033114,False
mobilenet,campanha,D,198.93372058868408,3.0237341440619776,False
mobilenet,campanha,D,192.98651218414307,3.0618517015955256,False
mobilenet,campanha,D,175.78017711639404,3.23896167458285,False
mobilenet,campanha,D,201.2847661972046,3.0338305495096916,False
mobilenet,campanha,D,200.9915828704834,2.8442389691703207,False
mobilenet,campanha,D,183.24294090270996,3.2270591284125048,False
mobilenet,campanha,D,194.51347589492798,3.062746174698344,False
mobilenet,campanha,D,200.5347490310669,3.0738938935132674,False
mobilenet,campanha,D,205.52984476089478,3.0864827277837925,False
mobilenet,campanha,D,176.0305881500244,3.137623340845162,False
mobilenet,campanha,D,176.4873504638672,3.196052757423051,False
mobilenet,campanha,D,179.60039377212524,2.9884889067110887,False
mobilenet,campanha,D,200.00717639923096,3.2336552555881553,False
mobilenet,campanha,D,184.43595170974731,3.146728852547883,False
mobilenet,campanha,D,194.14243698120117,3.3260258128686306,False
mobilenet,campanha,D,179.38077449798584,3.3684991953010863,False
mobilenet,campanha,D,177.907133102417,3.351799140076537,False
mobilenet,campanha,D,181.41846656799316,2.972616576429636,False
hibrido_mb,severidade,SC80,1.9253272690888668,1.2067921181779497,False
hibrido_mb,severidade,SC80,17.550389174952546,1.2132355172506328,False
hibrido_mb,severidade,SC80,3.889930864788033,1.1389726295619498,False
hibrido_mb,severidade,SC80,10.331875623496462,1.110661874719668,False
hibrido_mb,severidade,SC80,6.247521455447064,1.2533040414447059,False
hibrido_mb,severidade,SC80,13.455255024011208,1.197427503163359,False
hibrido_mb,severidade,SC80,3.742324301868644,1.2012975247392712,False
hibrido_mb,severidade,SC80,4.7599521486383525,1.1905186030978492,False
hibrido_mb,severidade,SC80,8.146377200280503,1.1209842489372297,False
hibrido_mb,severidade,SC80,9.077364071385603,1.2001054468172114,False
hibrido_mb,severidade,SC80,4.4349132575937364,1.1735485007853332,False
hibrido_mb,severidade,SC80,11.099054896126464,1.2385353617017079,False
hibrido_mb,severidade,SC80,14.350222917966454,1.2333644480419705,False
hibrido_mb,severidade,SC80,24.93775086067855,1.225003288518035,False
hibrido_mb,severidade,SC80,16.339759498385657,1.2370253802138071,False
hibrido_mb,severidade,SC80,25.669212918457312,1.2551474534975624,False
hibrido_mb,severidade,SC80,27.908454511564447,1.2424712358462813,False
hibrido_mb,severidade,SC80,17.4961241559693,1.2082402318068262,False
hibrido_mb,severidade,SC80,13.314912369500393,1.426115901969648,False
hibrido_mb,severidade,SC80,15.468545454793297,1.5224417869948002,False
hibrido_mb,severidade,SC80,19.319318309450146,1.4253126028505525,False
hibrido_mb,severidade,SC80,25.274987359841877,1.3790508980707508,False
hibrido_mb,severidade,SC80,23.406028951646423,1.5699292315275695,False
hibrido_mb,severidade,SC80,27.285740867824266,1.5350568568345455,False
hibrido_mb,severidade,SC80,35.61772881239904,1.443454674620569,False
hibrido_mb,severidade,SC80,40.95543847686935,1.4037728863861907,False
hibrido_mb,severidade,SC160,51.506345781255256,1.0344745397067163,False
hibrido_mb,severidade,SC160,56.56945527437123,0.9806837579027096,True
hibrido_mb,severidade,SC160,23.15649715748923,1.1394294568110297,False
hibrido_mb,severidade,SC160,32.533009736515694,1.1149603431575958,False
hibrido_mb,severidade,SC160,25.809271550171697,1.197690558176228,False
hibrido_mb,severidade,SC160,24.494172621740162,1.0636900504509,False
hibrido_mb,severidade,SC160,18.605059017375137,1.1207464031897023,False
hibrido_mb,severidade,SC160,31.26979879615064,1.1086379588956232,False
hibrido_mb,severidade,SC160,7.874323613589018,1.28659498374261,False
hibrido_mb,severidade,SC160,3.569063100965386,1.2580177894336566,False
hibrido_mb,severidade,SC160,16.301225535384045,1.1390880173509408,False
hibrido_mb,severidade,SC160,5.184610656617361,1.201933430835362,False
hibrido_mb,severidade,SC160,10.305321434156456,1.107983980692477,False
hibrido_mb,severidade,SC160,13.067890072376475,1.1649670883100056,False
hibrido_mb,severidade,SC160,1.9805096592056204,1.254615847133595,False
hibrido_mb,severidade,SC160,29.301117907234552,1.5048088246079465,False
hibrido_mb,severidade,SC160,9.20645482955511,1.4565579200399663,False
hibrido_mb,severidade,SC160,18.13908340057717,1.529835788930366,False
hibrido_mb,severidade,SC160,7.142111733992085,1.466360853186102,False
hibrido_mb,severidade,SC160,17.59099867460614,1.4920873537810402,False
hibrido_mb,severidade,SC160,9.988574516182048,1.3689431825331515,False
hibrido_mb,severidade,SC160,5.966604904269457,1.4594562700345517,False
hibrido_mb,severidade,SC160,3.99048110961161,1.491293403724523,False
hibrido_mb,severidade,SC160,23.809533248357706,1.4785613884989492,False
hibrido_mb,severidade,SC160,14.217598818539601,1.3709595877600593,False
hibrido_mb,severidade,SC160,18.992877380703742,1.5661700148881788,False
hibrido_mb,severidade,SC160,35.0368929700262,1.273235834729527,False
hibrido_mb,severidade,SC160,37.99741171647351,1.3359922755633835,False
hibrido_mb,severidade,SC160,5.656363437143197,1.3195694228061483,False
hibrido_mb,severidade,SC160,17.255899730115875,1.1913035708376736,False
hibrido_mb,severidade,SC160,9.420690804623067,1.2821207526213105,False
hibrido_mb,severidade,SC240,20.478788709371276,0.8423525245441339,True
hibrido_mb,severidade,SC240,0.6934982339210305,0.879876477106574,True
hibrido_mb,severidade,SC240,17.117435398269865,0.7962878690321247,True
hibrido_mb,severidade,SC240,25.144916278141018,0.7770879375080636,True
hibrido_mb,severidade,SC240,19.60065624733611,0.9197433756811889,True
hibrido_mb,severidade,SC240,18.774394487516677,0.8250113547046857,True
hibrido_mb,severidade,SC240,25.609332697464716,0.8072336459750583,True
hibrido_mb,severidade,SC240,25.757298123629326,0.8422266162590079,True
hibrido_mb,severidade,SC240,10.904772727970835,0.927386490397823,True
hibrido_mb,severidade,SC240,19.635180750002036,0.8301574596209386,True
hibrido_mb,severidade,SC240,26.48288142083115,0.8290449356626041,True
hibrido_mb,severidade,SC240,18.241024001458015,0.8546459710565669,True
hibrido_mb,severidade,SC240,5.852557591369445,0.9523529897516511,True
hibrido_mb,severidade,SC240,15.732975600568476,0.77329422957698,True
hibrido_mb,severidade,SC240,12.55697017449473,0.7896065404237701,True
hibrido_mb,severidade,SC240,20.23390035042447,0.8158811715340765,True
hibrido_mb,severidade,SC240,25.09457645734352,0.8275713849967598,True
hibrido_mb,severidade,SC240,21.838125659158123,0.8119256483243453,True
hibrido_mb,severidade,SC240,20.722524390671815,0.8354925006493857,True
hibrido_mb,severidade,SC240,30.825581913435073,0.8033934603818632,True
hibrido_mb,severidade,SC240,35.525779151245004,0.8392135191396823,True
hibrido_mb,severidade,SC240,24.470130648456355,0.9511198292776588,True
hibrido_mb,severidade,SC240,26.503291538873007,0.7881460631880027,True
hibrido_mb,severidade,SC240,33.74809650378133,0.8184255584757257,True
hibrido_mb,severidade,SC240,37.89519552383048,0.7993879044737393,True
hibrido_mb,severidade,SC240,39.011306668500204,0.7761847368433478,True
hibrido_mb,severidade,SC320,29.05798862733977,0.892636629425545,True
hibrido_mb,severidade,SC320,23.650425524423756,0.9041026255615898,True
hibrido_mb,severidade,SC320,27.055537311912083,0.9056594140612337,True
hibrido_mb,severidade,SC320,28.351431230298918,0.8844054158594551,True
hibrido_mb,severidade,SC320,34.980337511915195,0.862907185084313,True
hibrido_mb,severidade,SC320,29.113552809668985,0.8556141277681605,True
hibrido_mb,severidade,SC320,33.53180323214791,0.8244308699673624,True
hibrido_mb,severidade,SC320,27.05689802478379,0.8219323607890738,True
hibrido_mb,severidade,SC320,33.82892284129944,0.8415277789160087,True
hibrido_mb,severidade,SC320,22.935726247987155,0.827446954834301,True
hibrido_mb,severidade,SC320,27.816310281241474,0.8406756824566978,True
hibrido_mb,severidade,SC320,25.208749986158384,0.8153940451282697,True
hibrido_mb,severidade,SC320,16.349206350243616,0.8724795915345398,True
hibrido_mb,severidade,SC320,11.148166176700958,0.8751055159015619,True
hibrido_mb,severidade,SC320,16.149632103145372,0.9395964833127118,True
hibrido_mb,severidade,SC320,18.96492525204232,0.8775486396829912,True
hibrido_mb,severidade,SC320,8.424098292498904,0.9378446658314549,True
hibrido_mb,severidade,SC320,23.983272123240983,0.8208395618393944,True
hibrido_mb,severidade,SC320,36.35438042806767,0.9698566972275101,True
hibrido_mb,severidade,SC320,14.06966203961224,1.2626002623787194,False
hibrido_mb,severidade,SC320,28.035998904783565,1.267185699198893,False
hibrido_mb,severidade,SC320,11.329516474281753,1.0089504517322507,False
hibrido_mb,severidade,SC320,11.808699568961313,0.8428666746733862,True
hibrido_mb,severidade,SC320,24.342415055416566,1.1104245495943,False
hibrido_mb,severidade,SC320,14.595726292912104,0.8510695458637219,True
hibrido_mb,severidade,SC320,17.034732867015556,0.8034495878882654,True
hibrido_mb,severidade,SC400,27.354734073289034,0.775543273631975,True
hibrido_mb,severidade,SC400,26.76014814774552,0.843977825908347,True
hibrido_mb,severidade,SC400,27.93459349274816,0.8394414065579887,True
hibrido_mb,severidade,SC400,6.255109923007307,0.9259433026463431,True
hibrido_mb,severidade,SC400,13.09288637289332,0.9024551318905262,True
hibrido_mb,severidade,SC400,18.744878712138547,0.9663175000731874,True
hibrido_mb,severidade,SC400,34.5904793139314,0.839218010804261,True
hibrido_mb,severidade,SC400,20.17428565117818,1.0765280417994894,False
hibrido_mb,severidade,SC400,14.626936821517123,1.1406120644000566,False
hibrido_mb,severidade,SC400,29.771632334845876,1.1639041887136419,False
hibrido_mb,severidade,SC400,23.504293231945695,0.9920988049475757,True
hibrido_mb,severidade,SC400,19.3607693134598,1.0847677576958774,False
hibrido_mb,severidade,SC400,32.73261889229888,1.095351008566538,False
hibrido_mb,severidade,SC400,18.01235779741819,1.2400618147884714,False
hibrido_mb,severidade,SC400,9.216632622964571,1.2365623643270314,False
hibrido_mb,severidade,SC400,27.395324883190163,1.1343011773864604,False
hibrido_mb,severidade,SC400,22.887462156329597,1.0946697255450564,False
hibrido_mb,severidade,SC400,12.433197387232875,1.0694862073719498,False
hibrido_mb,severidade,SC400,36.83762564129203,1.0518128438598036,False
hibrido_mb,severidade,SC400,20.756164547566392,1.256166847565548,False
hibrido_mb,severidade,SC400,20.784078426960527,1.1105892527809995,False
hibrido_mb,severidade,SC400,21.661100275622292,1.3222350215705978,False
hibrido_mb,severidade,SC400,22.60558341500012,1.3903940898300957,False
hibrido_mb,severidade,SC400,7.365598179471178,1.254599212934607,False
hibrido_mb,severidade,SC400,18.900965396795822,1.1649712069957314,False
hibrido_mb,severidade,SC480,1.1090487988981934,0.8163117338350921,True
hibrido_mb,severidade,SC480,4.10237386882546,0.8196756247382744,True
hibrido_mb,severidade,SC480,0.18776494702901214,0.8970268243110905,True
hibrido_mb,severidade,SC480,3.8615838151671245,0.8311842250899562,True
hibrido_mb,severidade,SC480,21.01211673177874,0.817402157366438,True
hibrido_mb,severidade,SC480,14.470131682257502,0.8507407714938569,True
hibrido_mb,severidade,SC480,14.179452705440365,0.9379775050305488,True
hibrido_mb,severidade,SC480,10.431238076856019,0.7909001814499874,True
hibrido_mb,severidade,SC480,4.914756591127367,0.8303897814889244,True
hibrido_mb,severidade,SC480,1.5632898502303316,0.8381994896102074,True
hibrido_mb,severidade,SC480,6.413232120290635,0.8345849748150974,True
hibrido_mb,severidade,SC480,3.327553768495939,0.8604081717328019,True
hibrido_mb,severidade,SC480,4.808964149465456,0.9085115276341825,True
hibrido_mb,severidade,SC480,0.46760050901450967,0.9023608244663197,True
hibrido_mb,severidade,SC480,6.053677322542672,0.8369898871126756,True
hibrido_mb,severidade,SC480,11.018884202805612,0.8232165255222764,True
hibrido_mb,severidade,SC480,1.3335068293365726,0.8593325535491102,True
hibrido_mb,severidade,SC480,17.352695129936045,0.920965494639691,True
hibrido_mb,severidade,SC480,9.48827579483551,0.9140628588992518,True
hibrido_mb,severidade,SC480,6.483016815994902,0.9255631753362377,True
hibrido_mb,severidade,SC480,0.15901947089407287,0.9278120793724823,True
hibrido_mb,severidade,SC480,15.456996759516862,1.0470189387567397,False
hibrido_mb,severidade,SC480,8.956865940194803,0.8895664917854338,True
hibrido_mb,severidade,SC480,1.278269028418788,0.8466259504828306,True
hibrido_mb,severidade,SC480,12.288212728769699,0.8709896086272612,True
hibrido_mb,severidade,SC480,5.990603687342055,0.8196579093189371,True
hibrido_mb,severidade,SC480,3.266335310593105,0.845856816707172,True
hibrido_mb,severidade,SC560,1.2555178262786182,0.8442110800583714,True
hibrido_mb,severidade,SC560,10.006648167243547,0.8347885138308794,True
hibrido_mb,severidade,SC560,3.8119030516942765,0.8266452460548389,True
hibrido_mb,severidade,SC560,5.520074662795338,0.8199480272524929,True
hibrido_mb,severidade,SC560,7.460792905110614,0.8652605311584546,True
hibrido_mb,severidade,SC560,4.990528799412308,0.7926925929756022,True
hibrido_mb,severidade,SC560,3.4962977846792365,0.7847193323565681,True
hibrido_mb,severidade,SC560,1.8820739888035565,0.7858825321598959,True
hibrido_mb,severidade,SC560,6.522700851267915,0.7871615499681386,True
hibrido_mb,severidade,SC560,4.566065867727209,0.7719319475041394,True
hibrido_mb,severidade,SC560,5.97934449963029,0.8713801704972215,True
hibrido_mb,severidade,SC560,0.13986011217979044,0.7780875938380498,True
hibrido_mb,severidade,SC560,0.2429899957233861,0.8632510404896356,True
hibrido_mb,severidade,SC560,1.1043449598396649,0.7922100232283008,True
hibrido_mb,severidade,SC560,5.515913867141453,0.7753362111675425,True
hibrido_mb,severidade,SC560,7.399529145526307,0.7838222471998029,True
hibrido_mb,severidade,SC560,19.010044969653773,0.8326440043953568,True
hibrido_mb,severidade,SC560,1.9760973869558551,0.8012900087190824,True
hibrido_mb,severidade,SC560,4.632170394260671,1.0554910296785345,False
hibrido_mb,severidade,SC560,13.971315347596569,0.9562096324445925,True
hibrido_mb,severidade,SC560,15.483637390268212,1.0945522192929984,False
hibrido_mb,severidade,SC560,23.091585038745777,1.1225079671788305,False
hibrido_mb,severidade,SC560,8.431650833045934,1.4319424632553295,False
hibrido_mb,severidade,SC560,28.886556587944657,1.0522993448443478,False
hibrido_mb,severidade,SC560,47.04060482368422,0.9405705268513924,True
hibrido_mb,severidade,SC560,2.1086360408604676,0.8988167988000747,True
hibrido_mb,severidade,SC560,30.345455559409817,1.1154942525403446,False
hibrido_mb,severidade,SC560,7.2263368527057725,1.0914320357295033,False
hibrido_mb,severidade,SC560,30.402413993226496,0.9404504700117242,True
hibrido_mb,severidade,SC560,22.715902342212814,0.8882718922490948,True
hibrido_mb,severidade,SC560,11.174095849467758,0.971387043027403,True
hibrido_mb,severidade,SC560,0.6257166710679218,0.8862412567972487,True
hibrido_mb,campanha,A,165.29908487626187,1.299757039009665,False
hibrido_mb,campanha,A,161.53068247078792,1.321338789013678,False
hibrido_mb,campanha,A,160.67002680023606,1.3637100791525523,False
hibrido_mb,campanha,A,152.604169387899,1.3365042452191376,False
hibrido_mb,campanha,A,154.06452922582048,1.3110609091554817,False
hibrido_mb,campanha,A,144.93281687209299,1.3155942348514178,False
hibrido_mb,campanha,A,158.4641817514311,1.3721331219079358,False
hibrido_mb,campanha,A,158.1599252483016,1.2705139376367731,False
hibrido_mb,campanha,A,155.62824041215094,1.3522792906881218,False
hibrido_mb,campanha,A,147.20837462565433,1.334374756522145,False
hibrido_mb,campanha,A,140.33482910667587,1.3535892276623203,False
hibrido_mb,campanha,A,157.61822121983678,1.3273259042566263,False
hibrido_mb,campanha,A,153.37998549747164,1.3239146586052712,False
hibrido_mb,campanha,A,164.31515111657052,1.3127343013657897,False
hibrido_mb,campanha,A,149.78666229672868,1.2706065187711013,False
hibrido_mb,campanha,A,137.51197271997754,1.3409846867073107,False
hibrido_mb,campanha,A,146.63696532481197,1.1728236368170324,False
hibrido_mb,campanha,A,149.42600913031853,1.3142516558510955,False
hibrido_mb,campanha,A,154.8388507064578,1.3650942558318218,False
hibrido_mb,campanha,A,148.11518422312662,1.2388336812570828,False
hibrido_mb,campanha,A,151.40579002823125,1.2965812240124548,False
hibrido_mb,campanha,A,159.35799572521776,1.1687739102451582,False
hibrido_mb,campanha,B,58.377290232124764,1.3108508613498013,False
hibrido_mb,campanha,B,57.48970005557811,1.2517658082342653,False
hibrido_mb,campanha,B,45.971510066191506,1.2371241504261121,False
hibrido_mb,campanha,B,33.245512244668866,1.2102491637872066,False
hibrido_mb,campanha,B,44.92805147791671,1.3224758549874374,False
hibrido_mb,campanha,B,48.153659281299745,1.3131240461716465,False
hibrido_mb,campanha,B,34.24763398080581,1.2821532306634251,False
hibrido_mb,campanha,B,32.14343760728017,1.2939228880078726,False
hibrido_mb,campanha,B,33.48935130017846,1.2431796796052013,False
hibrido_mb,campanha,B,47.27779707932992,1.2631945908395066,False
hibrido_mb,campanha,B,45.327040858523496,1.2960259751283414,False
hibrido_mb,campanha,B,41.17223250949688,1.2825714486766087,False
hibrido_mb,campanha,B,58.97652685823453,1.3169564091306185,False
hibrido_mb,campanha,B,66.830643482177,1.2854183089151363,False
hibrido_mb,campanha,B,53.982142673249896,1.3494657350487853,False
hibrido_mb,campanha,B,67.52968147180009,1.2834456720441902,False
hibrido_mb,campanha,B,70.3257829983899,1.2966447103509118,False
hibrido_mb,campanha,B,58.19073922461232,1.2730157137058324,False
hibrido_mb,campanha,B,60.10436270321188,1.5351608762838578,False
hibrido_mb,campanha,B,67.97163542737832,1.5928907743884835,False
hibrido_mb,campanha,B,68.14987495736493,1.4957052296482367,False
hibrido_mb,campanha,B,74.16154039463629,1.4610630832613005,False
hibrido_mb,campanha,B,64.20668279281773,1.6452203284793359,False
hibrido_mb,campanha,B,72.9404529146443,1.6027594512897658,False
hibrido_mb,campanha,B,80.0,1.5151090731583985,False
hibrido_mb,campanha,B,74.14955605332642,1.4617007780556663,False
hibrido_mb,campanha,B,61.913448009762384,1.149410220632566,False
hibrido_mb,campanha,B,68.51955004824735,1.1693329811568614,False
hibrido_mb,campanha,B,48.30850392378776,1.3177498428152603,False
hibrido_mb,campanha,B,51.83836283696468,1.2805594592932925,False
hibrido_mb,campanha,B,43.47305503310403,1.2656586876983715,False
hibrido_mb,campanha,B,43.131588706276744,1.2400400477789664,False
hibrido_mb,campanha,B,40.363379896734045,1.3439337715291797,False
hibrido_mb,campanha,B,47.57541490541342,1.2826407254625976,False
hibrido_mb,campanha,B,33.66718829752258,1.408685113794494,False
hibrido_mb,campanha,B,32.618168876969,1.4168112259180372,False
hibrido_mb,campanha,B,36.94742129969511,1.2866057687659138,False
hibrido_mb,campanha,B,27.48286816984993,1.3380148216682044,False
hibrido_mb,campanha,B,38.674879609214095,1.3076108896563163,False
hibrido_mb,campanha,B,41.42522166865983,1.3814029188636239,False
hibrido_mb,campanha,B,22.589053284828186,1.4626403797995615,False
hibrido_mb,campanha,B,43.42043120047051,1.5498951346651304,False
hibrido_mb,campanha,B,14.926357628182297,1.517526791274837,False
hibrido_mb,campanha,B,35.27666675315084,1.5532066474050432,False
hibrido_mb,campanha,B,26.664928911607987,1.4997751579136833,False
hibrido_mb,campanha,B,35.67243090334675,1.5305599350587575,False
hibrido_mb,campanha,B,30.67726095577632,1.4679269810853648,False
hibrido_mb,campanha,B,21.398767623998992,1.508434436057967,False
hibrido_mb,campanha,B,20.68484754901505,1.5145580708131454,False
hibrido_mb,campanha,B,31.846299416850442,1.491636909282194,False
hibrido_mb,campanha,B,22.267105650389997,1.386143024762199,False
hibrido_mb,campanha,B,29.296969960026676,1.59628548746956,False
hibrido_mb,campanha,B,51.95211106276611,1.3766458813087374,False
hibrido_mb,campanha,B,50.29473445781512,1.4138972971263046,False
hibrido_mb,campanha,B,15.374456491138687,1.4368660564942335,False
hibrido_mb,campanha,B,21.317815862702062,1.352280596861212,False
hibrido_mb,campanha,B,34.13577062711126,1.4555438176943276,False
hibrido_mb,campanha,C,2.4032567871568933,1.3652873262633414,False
hibrido_mb,campanha,C,28.41068457406124,1.4399142478014335,False
hibrido_mb,campanha,C,7.504908989501935,1.3382147627950596,False
hibrido_mb,campanha,C,0.48738871357019153,1.3478488064378338,False
hibrido_mb,campanha,C,4.9172483910070675,1.4050999983371664,False
hibrido_mb,campanha,C,6.696697193783474,1.3849635578465704,False
hibrido_mb,campanha,C,1.3833021094579845,1.3769161127734937,False
hibrido_mb,campanha,C,0.13892988851436083,1.3947615210506574,False
hibrido_mb,campanha,C,17.454766353464656,1.4724776717482295,False
hibrido_mb,campanha,C,6.45766120659268,1.4050768963606015,False
hibrido_mb,campanha,C,0.6430610624110766,1.409146974194233,False
hibrido_mb,campanha,C,8.234956975383456,1.4171248525829698,False
hibrido_mb,campanha,C,22.70206088640876,1.4791883229345912,False
hibrido_mb,campanha,C,8.132784079149324,1.3672364909309802,False
hibrido_mb,campanha,C,11.826427809468388,1.3677408180575608,False
hibrido_mb,campanha,C,2.7309507336360506,1.3358886279744522,False
hibrido_mb,campanha,C,1.3753101791573075,1.3626487850245612,False
hibrido_mb,campanha,C,2.2173560934661163,1.3662792157386758,False
hibrido_mb,campanha,C,2.4284665583139686,1.361671683671856,False
hibrido_mb,campanha,C,10.085735471734836,1.36168196344581,False
hibrido_mb,campanha,C,18.891313741549798,1.3194636579958103,False
hibrido_mb,campanha,C,11.778182300223605,1.3177750650688824,False
hibrido_mb,campanha,C,2.969418407018032,1.3514292112558142,False
hibrido_mb,campanha,C,15.106726608687026,1.3462634190831069,False
hibrido_mb,campanha,C,18.784133725862738,1.3379420319915258,False
hibrido_mb,campanha,C,18.00489713766007,1.3448626662752414,False
hibrido_mb,campanha,C,33.3522615002841,1.10661703188743,False
hibrido_mb,campanha,C,25.85760136687939,1.1090350298337455,False
hibrido_mb,campanha,C,28.416200696452464,1.1154514221776124,False
hibrido_mb,campanha,C,29.616899552691976,1.0848345050318808,False
hibrido_mb,campanha,C,42.80656194815246,1.2048854099244763,False
hibrido_mb,campanha,C,30.726922445491844,1.123041032584995,False
hibrido_mb,campanha,C,35.90041852522102,1.1394134412310688,False
hibrido_mb,campanha,C,29.83331956138482,1.1181004431614743,False
hibrido_mb,campanha,C,39.030161032464925,1.1670637735991978,False
hibrido_mb,campanha,C,23.30051598360534,1.1110870107033666,False
hibrido_mb,campanha,C,27.42573797193737,1.1882672603886903,False
hibrido_mb,campanha,C,27.269005138422543,1.1795297282543609,False
hibrido_mb,campanha,C,16.4770040041166,1.1012026749944055,False
hibrido_mb,campanha,C,10.313194236913903,1.0684686526873746,False
hibrido_mb,campanha,C,16.441184065010827,1.1333260141388446,False
hibrido_mb,campanha,C,20.036343925639365,1.1681654919117659,False
hibrido_mb,campanha,C,7.384770063102963,1.124461114903658,False
hibrido_mb,campanha,C,24.97156971697898,1.105379073908941,False
hibrido_mb,campanha,C,32.52264242347711,1.2452859298272343,False
hibrido_mb,campanha,C,1.7124832876676432,1.3155992956330214,False
hibrido_mb,campanha,C,22.685748179594476,1.3426018421775772,False
hibrido_mb,campanha,C,7.152025413852048,1.0678023933954477,False
hibrido_mb,campanha,C,13.112590887534603,1.0959412901818661,False
hibrido_mb,campanha,C,29.81368516225873,1.4588245387047816,False
hibrido_mb,campanha,C,8.94969843778628,1.1060415201929747,False
hibrido_mb,campanha,C,12.72969623149065,1.0782403745816205,False
hibrido_mb,campanha,D,400.0,105.15871545109101,False
hibrido_mb,campanha,D,400.0,107.61587674339258,False
hibrido_mb,campanha,D,400.0,114.68826871708391,False
hibrido_mb,campanha,D,400.0,104.72432713683988,False
hibrido_mb,campanha,D,400.0,110.07337276226156,False
hibrido_mb,campanha,D,400.0,99.57590853761086,False
hibrido_mb,campanha,D,400.0,93.87231035161143,False
hibrido_mb,campanha,D,400.0,89.5087817054481,False
hibrido_mb,campanha,D,400.0,83.84007058048752,False
hibrido_mb,campanha,D,383.69988569956683,83.3998224263263,False
hibrido_mb,campanha,D,400.0,87.86286701922087,False
hibrido_mb,campanha,D,400.0,89.95715191742117,False
hibrido_mb,campanha,D,397.2657263000489,88.93737155347783,False
hibrido_mb,campanha,D,400.0,88.29312145351582,False
hibrido_mb,campanha,D,400.0,88.30089816484326,False
hibrido_mb,campanha,D,400.0,91.27101560934706,False
hibrido_mb,campanha,D,400.0,91.46759429358083,False
hibrido_mb,campanha,D,400.0,91.47857560499794,False
hibrido_mb,campanha,D,400.0,91.8302798479499,False
hibrido_mb,campanha,D,376.5612266877998,82.72771462484427,False
hibrido_mb,campanha,D,400.0,86.00904625640355,False
hibrido_mb,campanha,D,363.6856885874221,74.15793234060703,False
hibrido_mb,campanha,D,367.34338650751954,75.97298835409411,False
hibrido_mb,campanha,D,363.5295493579547,75.61461710649142,False
hibrido_mb,campanha,D,371.03027894772845,75.67434617128875,False
hibrido_mb,campanha,D,437.63221267713146,83.9672307413454,False
hibrido_mb,campanha,D,435.57055521365857,84.37290657344657,False
hibrido_mb,campanha,D,441.7099825152644,84.75473462852442,False
hibrido_mb,campanha,D,427.9698867141394,81.90898194750773,False
hibrido_mb,campanha,D,432.6841224823153,80.23479598850594,False
hibrido_mb,campanha,D,438.8768049736042,81.46303561946826,False
hibrido_mb,campanha,D,439.26383995240667,84.02845838165634,False
hibrido_mb,campanha,D,440.06427282875603,82.90154902835529,False
hibrido_mb,campanha,D,418.90746021966174,80.4897079229186,False
hibrido_mb,campanha,D,420.46697275470683,80.61751515423393,False
hibrido_mb,campanha,D,409.08066512312524,79.64611071289569,False
hibrido_mb,campanha,D,409.0429910916735,80.73625526214146,False
hibrido_mb,campanha,D,401.6083861252562,79.79663185376666,False
hibrido_mb,campanha,D,399.9306556194872,80.41086228505904,False
hibrido_mb,campanha,D,388.07821491896493,81.21999697365739,False
hibrido_mb,campanha,D,426.8743522697994,81.62189481876634,False
hibrido_mb,campanha,D,397.5569836477942,82.87072667976389,False
hibrido_mb,campanha,D,419.5280415742359,84.46827333616925,False
hibrido_mb,campanha,D,411.63749050028366,82.26448308426494,False
hibrido_mb,campanha,D,420.87462811145514,84.39817468506902,False
hibrido_mb,campanha,D,395.3870382412938,80.14708286004834,False
hibrido_mb,campanha,D,427.92667258375684,83.6050183890106,False
hibrido_mb,campanha,D,421.0458184179741,82.79032926352224,False
hibrido_mb,campanha,D,434.42945670145735,84.20651715771741,False
hibrido_mb,campanha,D,418.99678267193565,81.14120333895043,False
hibrido_mb,campanha,D,411.32618422595624,79.69546424781296,False
hibrido_mb,campanha,D,414.2084282320226,81.47863847647758,False
hibrido_mb,campanha,D,393.9585125085539,65.16086862136167,False
hibrido_mb,campanha,D,416.72530264310336,67.76821673380935,False
hibrido_mb,campanha,D,409.17210955579554,67.95418678437446,False
hibrido_mb,campanha,D,388.57653514996275,63.47977510860004,False
hibrido_mb,campanha,D,377.4604103711313,63.303005605908105,False
hibrido_mb,campanha,D,388.5056900830615,65.17632773148625,False
hibrido_mb,campanha,D,395.18501484424763,65.31156653372706,False
hibrido_mb,campanha,D,375.97143062423316,61.130216324168956,False
hibrido_mb,campanha,D,367.20518184368206,59.38117770967658,False
hibrido_mb,campanha,D,364.4379966779457,59.71228399660237,False
hibrido_mb,campanha,D,352.7652037093423,59.11639109766567,False
hibrido_mb,campanha,D,379.64145134492884,63.855711769979095,False
hibrido_mb,campanha,D,386.4405043828188,66.07879270841812,False
hibrido_mb,campanha,D,385.4463108537617,66.23428194891224,False
hibrido_mb,campanha,D,378.29281192280496,65.1754118214828,False
hibrido_mb,campanha,D,376.25272361454233,66.58190276192862,False
hibrido_mb,campanha,D,354.55119923847775,66.03916356459443,False
hibrido_mb,campanha,D,359.66643127633705,60.8961055514752,False
hibrido_mb,campanha,D,321.2121294994414,59.19572088745069,False
hibrido_mb,campanha,D,358.7316187062946,62.67776283827078,False
hibrido_mb,campanha,D,366.6978502976859,62.740963191294426,False
hibrido_mb,campanha,D,345.1700365768118,62.76674817759346,False
hibrido_mb,campanha,D,303.809164882759,57.18668813894469,False
hibrido_mb,campanha,D,338.6266247753092,61.00470152783661,False
hibrido_mb,campanha,D,389.40845602886475,60.09930420876723,False
hibrido_mb,campanha,D,351.3840374097575,60.23966592364985,False
hibrido_mb,campanha,D,380.95240068294254,61.06537411792454,False
hibrido_mb,campanha,D,350.70927907199746,64.17801588414403,False
hibrido_mb,campanha,D,394.96331993348673,67.21701147066672,False
hibrido_mb,campanha,D,388.77827503584734,69.84397668936634,False
hibrido_mb,campanha,D,387.32913430424867,66.30056134488521,False
hibrido_mb,campanha,D,361.8292632382849,63.96745829907775,False
hibrido_mb,campanha,D,404.5192432931627,62.01354718907506,False
hibrido_mb,campanha,D,382.95889403488,59.64386829120644,False
hibrido_mb,campanha,D,383.688572931682,58.66644261381793,False
hibrido_mb,campanha,D,402.1577146800162,61.16487135435415,False
hibrido_mb,campanha,D,409.792891965672,59.77818550929712,False
hibrido_mb,campanha,D,399.3076779651453,60.34884988328068,False
hibrido_mb,campanha,D,400.3165377556695,62.11337953661784,False
hibrido_mb,campanha,D,400.26336968139753,61.630395348207145,False
hibrido_mb,campanha,D,421.39650731753113,60.66753847810001,False
hibrido_mb,campanha,D,398.97478108265625,61.4103876687091,False
hibrido_mb,campanha,D,400.00610420626094,61.458304713943754,False
hibrido_mb,campanha,D,412.78940571534775,60.3234610217262,False
hibrido_mb,campanha,D,384.12747112960216,60.9230583261835,False
hibrido_mb,campanha,D,390.58793333087635,60.2376379363131,False
hibrido_mb,campanha,D,386.2798085971813,61.06146827697484,False
hibrido_mb,campanha,D,374.23926862918813,59.26849665077661,False
hibrido_mb,campanha,D,374.7153226540882,61.16215829930551,False
hibrido_mb,campanha,D,389.78662055000564,60.96566224774211,False
hibrido_mb,campanha,D,355.7222070250585,60.13652904127797,False
hibrido_mb,campanha,D,382.79494224403015,61.579781143966464,False
hibrido_mb,campanha,D,374.7398450918004,60.84216543777139,False
hibrido_mb,campanha,D,385.2486089197284,61.62197514142403,False
hibrido_mb,campanha,D,399.649403860204,62.43767808822397,False
hibrido_mb,campanha,D,397.5379798469747,62.93397752494636,False
hibrido_mb,campanha,D,388.2283852817321,63.219842416826964,False
hibrido_mb,campanha,D,402.7192900733353,62.45100079101255,False
hibrido_mb,campanha,D,422.311603893074,64.47379994078109,False
hibrido_mb,campanha,D,388.795782620552,64.20188980930327,False
hibrido_mb,campanha,D,402.40825158514133,63.4835149245746,False
hibrido_mb,campanha,D,396.4555363049884,62.29887153720361,False
hibrido_mb,campanha,D,410.010901135937,63.099395712453884,False
hibrido_mb,campanha,D,403.1940993727501,66.1481232431122,False
hibrido_mb,campanha,D,383.03967982877975,63.05978287951486,False
hibrido_mb,campanha,D,399.2857216220767,65.18826183820406,False
hibrido_mb,campanha,D,417.26855323930346,68.55510295708925,False
hibrido_mb,campanha,D,378.2934863053225,62.92962133372183,False
hibrido_mb,campanha,D,390.5249937195736,61.95763267773646,False
hibrido_mb,campanha,D,377.9525541747432,65.21980354696073,False
hibrido_mb,campanha,D,375.1382232053523,65.24437334212026,False
hibrido_mb,campanha,D,403.37227866658463,67.6992103318561,False
