conjunto,regressor,condicao_retirada,alfa_real,n_teste,ridge_alpha,alfa_previsto_medio,alfa_previsto_dp,mae_alfa,rmse_alfa,mae_espiras,vies_alfa,nivel_mais_proximo_correto,fora_dominio_fracao,conformal_meia_largura,conformal_cobertura
indicadores|ridge,ridge,SC80,0.13333333333333333,26,1.0,0.0,0.0,0.13333333333333333,0.13333333333333333,80.0,-0.13333333333333333,0.0,1.0,0.06472078772316764,0.0
indicadores|ridge,ridge,SC160,0.26666666666666666,31,10.0,0.20935783400091218,0.02234546364861125,0.057308832665754456,0.061380086010145066,34.38529959945267,-0.057308832665754456,0.7419354838709677,0.9354838709677419,0.13333333333333333,1.0
indicadores|ridge,ridge,SC240,0.4,26,1.0,0.4684654208327922,0.00902029670436246,0.06846542083279218,0.06903441279841273,41.079252499675306,0.06846542083279218,0.38461538461538464,0.0,0.13333333333333333,1.0
indicadores|ridge,ridge,SC320,0.5333333333333333,26,1.0,0.4971750716656697,0.009669530299635774,0.03615826166766356,0.03738079127393213,21.694957000598137,-0.03615826166766356,1.0,0.7692307692307693,0.13333333333333333,1.0
indicadores|ridge,ridge,SC400,0.6666666666666666,25,10.0,0.6087880986701114,0.00949904798021529,0.05787856799655524,0.05862210563738804,34.727140797933146,-0.05787856799655524,0.72,1.0,0.13333333333333333,1.0
indicadores|ridge,ridge,SC480,0.8,27,0.1,0.7197070297498823,0.0092579760544404,0.08029297025011789,0.08080530145540504,48.17578215007073,-0.08029297025011789,0.07407407407407407,1.0,0.13333333333333333,1.0
indicadores|ridge,ridge,SC560,0.9333333333333333,32,100.0,0.9135495053160194,0.011398737160304786,0.019783828017313994,0.02274358611986724,11.870296810388396,-0.019783828017313994,1.0,1.0,0.13333333333333333,1.0
indicadores|pls,pls,SC80,0.13333333333333333,26,{'modelo__n_components': 2},0.0,0.0,0.13333333333333333,0.13333333333333333,80.0,-0.13333333333333333,0.0,1.0,0.09985638455681922,0.0
indicadores|pls,pls,SC160,0.26666666666666666,31,{'modelo__n_components': 2},0.2969281734017372,0.020553103188193002,0.032631178224037764,0.03639453344546876,19.57870693442266,0.030261506735070585,1.0,0.9354838709677419,0.13333333333333333,1.0
indicadores|pls,pls,SC240,0.4,26,{'modelo__n_components': 2},0.4516252193615323,0.012991580288011093,0.051625219361532276,0.053173798524193815,30.975131616919366,0.051625219361532276,0.8846153846153846,0.0,0.13333333333333333,1.0
indicadores|pls,pls,SC320,0.5333333333333333,26,{'modelo__n_components': 2},0.5304276448100758,0.01745861986155045,0.013395314874472855,0.017364424127643684,8.037188924683713,-0.0029056885232575124,1.0,0.7692307692307693,0.13333333333333333,1.0
indicadores|pls,pls,SC400,0.6666666666666666,25,{'modelo__n_components': 2},0.5738798224440638,0.009786575721305368,0.09278684422260292,0.09328099722110858,55.67210653356175,-0.09278684422260292,0.0,1.0,0.13333333333333333,1.0
indicadores|pls,pls,SC480,0.8,27,{'modelo__n_components': 16},0.7843820996602461,0.011722450141386677,0.01675933213182629,0.01939704031247004,10.055599279095775,-0.015617900339753977,1.0,1.0,0.13333333333333333,1.0
indicadores|pls,pls,SC560,0.9333333333333333,32,{'modelo__n_components': 8},0.8819582614356816,0.00885323303757093,0.05137507189765178,0.05210881289168732,30.82504313859107,-0.05137507189765178,0.9375,1.0,0.13333333333333333,1.0
indicadores|pca_ridge,pca_ridge,SC80,0.13333333333333333,26,"{'modelo__alpha': 1.0, 'pca__n_components': 30}",0.0,0.0,0.13333333333333333,0.13333333333333333,80.0,-0.13333333333333333,0.0,1.0,0.06469456306943777,0.0
indicadores|pca_ridge,pca_ridge,SC160,0.26666666666666666,31,"{'modelo__alpha': 10.0, 'pca__n_components': 30}",0.20932807732308847,0.022346444539331673,0.057338589343578154,0.06140821531982327,34.403153606146894,-0.057338589343578154,0.7419354838709677,0.9354838709677419,0.13333333333333333,1.0
indicadores|pca_ridge,pca_ridge,SC240,0.4,26,"{'modelo__alpha': 1.0, 'pca__n_components': 30}",0.46844506507815126,0.009040372553831921,0.06844506507815123,0.06901675066191798,41.06703904689074,0.06844506507815123,0.38461538461538464,0.0,0.13333333333333333,1.0
indicadores|pca_ridge,pca_ridge,SC320,0.5333333333333333,26,"{'modelo__alpha': 1.0, 'pca__n_components': 30}",0.4970000173861852,0.009647227687179398,0.036333315947148025,0.03754463041184058,21.799989568288815,-0.036333315947148025,1.0,0.7692307692307693,0.13333333333333333,1.0
indicadores|pca_ridge,pca_ridge,SC400,0.6666666666666666,25,"{'modelo__alpha': 1.0, 'pca__n_components': 30}",0.65522327911456,0.009983036111896092,0.01306363968465925,0.015054092077527326,7.83818381079555,-0.011443387552106521,1.0,1.0,0.13333333333333333,1.0
indicadores|pca_ridge,pca_ridge,SC480,0.8,27,"{'modelo__alpha': 1.0, 'pca__n_components': 30}",0.7946372395738984,0.010851218177798149,0.009837250432074153,0.011922544343736944,5.902350259244492,-0.00536276042610137,1.0,1.0,0.13333333333333333,1.0
indicadores|pca_ridge,pca_ridge,SC560,0.9333333333333333,32,"{'modelo__alpha': 10.0, 'pca__n_components': 10}",0.9244975201799427,0.01562137743341259,0.013591119317318889,0.017733391376724972,8.154671590391333,-0.008835813153390683,1.0,1.0,0.13333333333333333,1.0
indicadores|kernel_ridge,kernel_ridge,SC80,0.13333333333333333,26,{'modelo__alpha': 0.01},0.006284453368277112,0.00488607689988822,0.12704887996505623,0.12713918918567274,76.22932797903374,-0.12704887996505623,0.0,1.0,0.4807328069675805,1.0
indicadores|kernel_ridge,kernel_ridge,SC160,0.26666666666666666,31,{'modelo__alpha': 0.01},0.19443701995220297,0.022841639541260894,0.07222964671446373,0.07564411426422014,43.33778802867824,-0.07222964671446373,0.5161290322580645,0.9354838709677419,0.46844199716265356,1.0
indicadores|kernel_ridge,kernel_ridge,SC240,0.4,26,{'modelo__alpha': 0.01},0.37452812975274047,0.012370011387656601,0.025471870247259516,0.0282125518059527,15.283122148355709,-0.025471870247259516,1.0,0.0,0.47615640330776676,1.0
indicadores|kernel_ridge,kernel_ridge,SC320,0.5333333333333333,26,{'modelo__alpha': 0.01},0.47939337287357897,0.024553636465894948,0.053939960459754424,0.059069557852416604,32.36397627585266,-0.053939960459754424,0.9230769230769231,0.7692307692307693,0.4774398180271004,1.0
indicadores|kernel_ridge,kernel_ridge,SC400,0.6666666666666666,25,{'modelo__alpha': 1.0},0.5157135517546689,0.019286797858434703,0.1509531149119977,0.15213133881748897,90.57186894719862,-0.1509531149119977,0.0,1.0,0.5224912806020667,1.0
indicadores|kernel_ridge,kernel_ridge,SC480,0.8,27,{'modelo__alpha': 0.01},0.6596574223668632,0.008405088461893894,0.14034257763313682,0.1405847363987959,84.2055465798821,-0.14034257763313682,0.0,1.0,0.5705355542869126,1.0
indicadores|kernel_ridge,kernel_ridge,SC560,0.9333333333333333,32,{'modelo__alpha': 1.0},0.3789005593196261,0.01210800620469291,0.5544327740137072,0.554560838272585,332.6596644082243,-0.5544327740137072,0.0,1.0,0.38954065193839715,0.0
indicadores|svr,svr,SC80,0.13333333333333333,26,{'modelo__C': 0.3},0.24214006670456695,0.028987887127909825,0.10880673337123363,0.11245836424469378,65.28404002274017,0.10880673337123363,0.038461538461538464,1.0,0.20409116876668776,1.0
indicadores|svr,svr,SC160,0.26666666666666666,31,{'modelo__C': 0.3},0.2863328484064865,0.03290787544314158,0.03162708005437635,0.03787814410089448,18.97624803262581,0.019666181739819835,0.967741935483871,0.9354838709677419,0.19184691732006298,1.0
indicadores|svr,svr,SC240,0.4,26,{'modelo__C': 0.3},0.4590347393337194,0.009246063867346421,0.05903473933371934,0.05972689578379665,35.420843600231606,0.05903473933371934,0.8461538461538461,0.0,0.19983869177419333,1.0
indicadores|svr,svr,SC320,0.5333333333333333,26,{'modelo__C': 0.3},0.5166953884335325,0.008827304246752805,0.017555180881858055,0.018754880369291724,10.533108529114834,-0.016637944899800857,1.0,0.7692307692307693,0.20207664270900816,1.0
indicadores|svr,svr,SC400,0.6666666666666666,25,{'modelo__C': 0.3},0.6066357867248943,0.011026775537534596,0.06003087994177243,0.06099535010300752,36.01852796506346,-0.06003087994177243,0.76,1.0,0.19793442619314006,1.0
indicadores|svr,svr,SC480,0.8,27,{'modelo__C': 0.3},0.7809763384421957,0.0058792414992095785,0.019023661557804165,0.019879259963250535,11.414196934682499,-0.019023661557804165,1.0,1.0,0.23421126066697728,1.0
indicadores|svr,svr,SC560,0.9333333333333333,32,{'modelo__C': 0.3},0.7249294924691759,0.005476281420699458,0.20840384086415747,0.20847353157730372,125.04230451849449,-0.20840384086415747,0.0,1.0,0.10500151403235114,0.0
indicadores|gp,gp,SC80,0.13333333333333333,26,,0.18219373877022274,0.026076336837948938,0.04904437686315996,0.05514672850260539,29.426626117895978,0.0488604054368894,0.6923076923076923,1.0,0.09980331257777497,1.0
indicadores|gp,gp,SC160,0.26666666666666666,31,,0.24694960004103653,0.02559912255864484,0.025879914459581915,0.0319834112642694,15.52794867574915,-0.01971706662563013,0.967741935483871,0.9354838709677419,0.10416951313927658,1.0
indicadores|gp,gp,SC240,0.4,26,,0.5038407397146741,0.006035310915250379,0.1038407397146741,0.10400924594308017,62.30444382880446,0.1038407397146741,0.0,0.0,0.1130082208002714,1.0
indicadores|gp,gp,SC320,0.5333333333333333,26,,0.46622750004255964,0.008731789512769138,0.06710583329077369,0.06764986727636634,40.26349997446421,-0.06710583329077369,0.34615384615384615,0.7692307692307693,0.1156308117922693,1.0
indicadores|gp,gp,SC400,0.6666666666666666,25,,0.6553376884585635,0.007866275545199397,0.011530981931710213,0.013702149705595634,6.918589159026128,-0.011328978208102995,1.0,1.0,0.14117921644078424,1.0
indicadores|gp,gp,SC480,0.8,27,,0.7856768512279905,0.012677263937735198,0.01611563707213946,0.018971380487011875,9.669382243283676,-0.014323148772009657,1.0,1.0,0.1459078470867482,1.0
indicadores|gp,gp,SC560,0.9333333333333333,32,,0.7944232065003303,0.01232789498528996,0.1389101268330032,0.13943905855406102,83.34607609980192,-0.1389101268330032,0.0,1.0,0.08468389398221421,0.0
ind_invariantes|ridge,ridge,SC80,0.13333333333333333,26,10.0,0.0,0.0,0.13333333333333333,0.13333333333333333,80.0,-0.13333333333333333,0.0,1.0,0.04884322926503826,0.0
ind_invariantes|ridge,ridge,SC160,0.26666666666666666,31,100.0,0.23820540121968473,0.021362146155226826,0.028984497748178437,0.035378867032165355,17.390698648907062,-0.02846126544698192,1.0,1.0,0.13269427790290936,1.0
ind_invariantes|ridge,ridge,SC240,0.4,26,100.0,0.44774264562402244,0.005488388888563195,0.047742645624022466,0.048045021276326115,28.64558737441348,0.047742645624022466,1.0,1.0,0.12882837958938778,1.0
ind_invariantes|ridge,ridge,SC320,0.5333333333333333,26,100.0,0.5099635261037038,0.009790424540507213,0.023369807229629544,0.025264870301989654,14.021884337777726,-0.023369807229629544,1.0,1.0,0.13012540116424978,1.0
ind_invariantes|ridge,ridge,SC400,0.6666666666666666,25,100.0,0.6100566303352225,0.008452950550778446,0.056610036331444104,0.05721267771692539,33.966021798866464,-0.056610036331444104,0.88,1.0,0.13243997544445,1.0
ind_invariantes|ridge,ridge,SC480,0.8,27,1.0,0.8010213308512009,0.010682676151891845,0.00804483194448695,0.010532617706046878,4.8268991666921695,0.0010213308512009712,1.0,1.0,0.13333333333333333,1.0
ind_invariantes|ridge,ridge,SC560,0.9333333333333333,32,100.0,0.9125591279654847,0.006414254851028465,0.020774205367848703,0.021712313687607326,12.464523220709221,-0.020774205367848703,1.0,1.0,0.12910468649878418,1.0
ind_invariantes|pls,pls,SC80,0.13333333333333333,26,{'modelo__n_components': 2},0.0047683291039858616,0.008425559881220153,0.1285650042293475,0.12883019826464423,77.13900253760849,-0.1285650042293475,0.0,1.0,0.05947882575469454,0.0
ind_invariantes|pls,pls,SC160,0.26666666666666666,31,{'modelo__n_components': 2},0.25473472481875914,0.020736129664863975,0.019937981411255953,0.023632345608985653,11.962788846753572,-0.011931941847907588,1.0,1.0,0.13333333333333333,1.0
ind_invariantes|pls,pls,SC240,0.4,26,{'modelo__n_components': 2},0.42866571063919057,0.0063240030897487335,0.02866571063919047,0.029328787711756676,17.199426383514282,0.02866571063919047,1.0,1.0,0.1327355929396377,1.0
ind_invariantes|pls,pls,SC320,0.5333333333333333,26,{'modelo__n_components': 2},0.5047824086456875,0.008877176630901993,0.028550924687645866,0.029848427633446296,17.13055481258752,-0.028550924687645866,1.0,1.0,0.12944870030741443,1.0
ind_invariantes|pls,pls,SC400,0.6666666666666666,25,{'modelo__n_components': 2},0.6068840926351153,0.008861434677484563,0.05978257403155128,0.060409768923573144,35.869544418930765,-0.05978257403155128,0.84,1.0,0.13333333333333333,1.0
ind_invariantes|pls,pls,SC480,0.8,27,{'modelo__n_components': 2},0.7995649779014544,0.008017847074776114,0.0064732307300471425,0.007879984627464118,3.8839384380282853,-0.00043502209854549167,1.0,1.0,0.13333333333333333,1.0
ind_invariantes|pls,pls,SC560,0.9333333333333333,32,{'modelo__n_components': 2},0.9456168621037252,0.005755941527159298,0.012428736692687653,0.013527032285487413,7.457242015612592,0.01228352877039185,1.0,1.0,0.13333333333333333,1.0
ind_invariantes|pca_ridge,pca_ridge,SC80,0.13333333333333333,26,"{'modelo__alpha': 10.0, 'pca__n_components': 30}",0.0,0.0,0.13333333333333333,0.13333333333333333,80.0,-0.13333333333333333,0.0,1.0,0.04884045582700841,0.0
ind_invariantes|pca_ridge,pca_ridge,SC160,0.26666666666666666,31,"{'modelo__alpha': 10.0, 'pca__n_components': 10}",0.20403161109339324,0.028597571351671344,0.06263505557327341,0.06866287168832211,37.581033343964044,-0.06263505557327341,0.5806451612903226,1.0,0.13333333333333333,1.0
ind_invariantes|pca_ridge,pca_ridge,SC240,0.4,26,"{'modelo__alpha': 10.0, 'pca__n_components': 30}",0.4575981802064597,0.00796409188290157,0.057598180206459605,0.05812518930605175,34.55890812387576,0.057598180206459605,0.9615384615384616,1.0,0.13333333333333333,1.0
ind_invariantes|pca_ridge,pca_ridge,SC320,0.5333333333333333,26,"{'modelo__alpha': 1.0, 'pca__n_components': 30}",0.50498343093505,0.011775211994939288,0.028349902398283302,0.03061110378852053,17.00994143896998,-0.028349902398283302,1.0,1.0,0.13333333333333333,1.0
ind_invariantes|pca_ridge,pca_ridge,SC400,0.6666666666666666,25,"{'modelo__alpha': 10.0, 'pca__n_components': 30}",0.6259147449204068,0.00854000462134221,0.04075192174625991,0.041602085738440285,24.451153047755948,-0.04075192174625991,1.0,1.0,0.13333333333333333,1.0
ind_invariantes|pca_ridge,pca_ridge,SC480,0.8,27,"{'modelo__alpha': 1.0, 'pca__n_components': 30}",0.801275858309467,0.010677147675865754,0.00804070703038188,0.010554952382116123,4.824424218229129,0.001275858309466909,1.0,1.0,0.13333333333333333,1.0
ind_invariantes|pca_ridge,pca_ridge,SC560,0.9333333333333333,32,"{'modelo__alpha': 10.0, 'pca__n_components': 30}",0.9046046818839526,0.007566470803157558,0.02872865144938071,0.029678237578267184,17.237190869628428,-0.02872865144938071,1.0,1.0,0.13333333333333333,1.0
ind_invariantes|kernel_ridge,kernel_ridge,SC80,0.13333333333333333,26,{'modelo__alpha': 0.01},0.017368066224220182,0.009926966134407548,0.11596526710911316,0.11637309677593159,69.57916026546789,-0.11596526710911316,0.0,1.0,0.5061782089562803,1.0
ind_invariantes|kernel_ridge,kernel_ridge,SC160,0.26666666666666666,31,{'modelo__alpha': 0.01},0.1775381040108694,0.02126145713052348,0.08912856265579729,0.0915498115593509,53.477137593478375,-0.08912856265579729,0.12903225806451613,1.0,0.49878495220370705,1.0
ind_invariantes|kernel_ridge,kernel_ridge,SC240,0.4,26,{'modelo__alpha': 0.01},0.3926291519944635,0.013227430728962833,0.011340567219830327,0.014918609314152826,6.804340331898196,-0.0073708480055365054,1.0,1.0,0.5040631106285463,1.0
ind_invariantes|kernel_ridge,kernel_ridge,SC320,0.5333333333333333,26,{'modelo__alpha': 0.01},0.4402744686350322,0.008626228816868212,0.09305886469830119,0.09344250707960629,55.83531881898071,-0.09305886469830119,0.0,1.0,0.5035149729684265,1.0
ind_invariantes|kernel_ridge,kernel_ridge,SC400,0.6666666666666666,25,{'modelo__alpha': 0.01},0.613505448993077,0.00621054649099593,0.05316121767358967,0.05350834623446076,31.8967306041538,-0.05316121767358967,1.0,1.0,0.5033090974920768,1.0
ind_invariantes|kernel_ridge,kernel_ridge,SC480,0.8,27,{'modelo__alpha': 0.01},0.658771475010025,0.009754825963700113,0.14122852498997504,0.1415525647270721,84.73711499398503,-0.14122852498997504,0.0,1.0,0.5924933493512132,1.0
ind_invariantes|kernel_ridge,kernel_ridge,SC560,0.9333333333333333,32,{'modelo__alpha': 0.01},0.4033203717829009,0.016973274407599045,0.5300129615504325,0.530276181417945,318.0077769302595,-0.5300129615504325,0.0,1.0,0.3560043390681561,0.0
ind_invariantes|svr,svr,SC80,0.13333333333333333,26,{'modelo__C': 0.3},0.2335504836602387,0.036191057802181265,0.10021715032690534,0.10631506592920381,60.13029019614321,0.10021715032690534,0.19230769230769232,1.0,0.18977326320417265,0.9615384615384616
ind_invariantes|svr,svr,SC160,0.26666666666666666,31,{'modelo__C': 0.3},0.27073532051764604,0.03493333396582969,0.0278964447051568,0.03460528904567563,16.73786682309408,0.004068653850979424,0.967741935483871,1.0,0.17475190065829715,1.0
ind_invariantes|svr,svr,SC240,0.4,26,{'modelo__C': 0.3},0.4776083147879985,0.006955176956596199,0.07760831478799847,0.07790740949073872,46.564988872799084,0.07760831478799847,0.07692307692307693,1.0,0.18920174892769137,1.0
ind_invariantes|svr,svr,SC320,0.5333333333333333,26,{'modelo__C': 0.3},0.5168202013477614,0.01029750532486036,0.017444218568711315,0.019355715837550518,10.466531141226788,-0.016513131985571965,1.0,1.0,0.18649759829930534,1.0
ind_invariantes|svr,svr,SC400,0.6666666666666666,25,{'modelo__C': 0.3},0.6300398618682597,0.010282641107768832,0.03662680479840701,0.03798718507030682,21.976082879044206,-0.03662680479840701,1.0,1.0,0.18560724850478516,1.0
ind_invariantes|svr,svr,SC480,0.8,27,{'modelo__C': 0.3},0.7842909151233035,0.0065484155198012655,0.015709084876696602,0.016972592043500156,9.42545092601796,-0.015709084876696602,1.0,1.0,0.22165306756867098,1.0
ind_invariantes|svr,svr,SC560,0.9333333333333333,32,{'modelo__C': 0.3},0.7362234851523473,0.005600439548998022,0.19710984818098604,0.19718690884342488,118.26590890859163,-0.19710984818098604,0.0,1.0,0.09639982702541763,0.0
ind_invariantes|gp,gp,SC80,0.13333333333333333,26,,0.1502174758239582,0.022570786769946217,0.02437633976047707,0.02783739967968957,14.625803856286243,0.01688414249062487,1.0,1.0,0.14936846666274306,1.0
ind_invariantes|gp,gp,SC160,0.26666666666666666,31,,0.27286753812467923,0.02862991848356985,0.022392838513700854,0.028838897334339777,13.435703108220512,0.006200871458012578,1.0,1.0,0.14697379849423298,1.0
ind_invariantes|gp,gp,SC240,0.4,26,,0.5162515092951453,0.007275396278870908,0.1162515092951454,0.11647020641212308,69.75090557708724,0.1162515092951454,0.0,1.0,0.18341844489030157,1.0
ind_invariantes|gp,gp,SC320,0.5333333333333333,26,,0.4730482214790853,0.00862994227552701,0.060285111854248015,0.06087615425701856,36.17106711254881,-0.060285111854248015,0.7307692307692307,1.0,0.1958870649475698,1.0
ind_invariantes|gp,gp,SC400,0.6666666666666666,25,,0.6571978805675234,0.021603992672443555,0.02099398535897633,0.023188814320846265,12.596391215385799,-0.009468786099143318,1.0,1.0,0.217199329767097,1.0
ind_invariantes|gp,gp,SC480,0.8,27,,0.7731704344802185,0.010374566883291804,0.027058584782109523,0.028696182098540447,16.235150869265713,-0.026829565519781527,1.0,1.0,0.2601186396697567,1.0
ind_invariantes|gp,gp,SC560,0.9333333333333333,32,,0.723728668156622,0.010469475113049027,0.2096046651767114,0.20985780963148196,125.76279910602683,-0.2096046651767114,0.0,1.0,0.12134059608869885,0.0
mobilenet|ridge,ridge,SC80,0.13333333333333333,26,0.1,0.17016130685806274,0.02860838733613491,0.03861004014809926,0.04629535826532447,23.166024088859555,0.0368279632085409,0.8461538461538461,1.0,0.07137091557184855,0.8461538461538461
mobilenet|ridge,ridge,SC160,0.26666666666666666,31,1.0,0.23844045400619507,0.027377303689718246,0.02982501663187498,0.03901355517507989,17.895009979124985,-0.028226206892280153,0.9354838709677419,0.967741935483871,0.08522046407063802,0.9354838709677419
mobilenet|ridge,ridge,SC240,0.4,26,100.0,0.44328707456588745,0.01762538030743599,0.0432870722734011,0.04660983202300266,25.97224336404066,0.0432870722734011,0.8461538461538461,0.0,0.05941859086354573,0.8076923076923077
mobilenet|ridge,ridge,SC320,0.5333333333333333,26,100.0,0.4871126413345337,0.01521675381809473,0.04622072638609469,0.048569531612130415,27.73243583165681,-0.04622072638609469,0.8846153846153846,0.15384615384615385,0.05998890201250712,0.8461538461538461
mobilenet|ridge,ridge,SC400,0.6666666666666666,25,1.0,0.6731123924255371,0.02329898439347744,0.017927636305491136,0.0237208121872298,10.756581783294681,0.006445771058400509,1.0,0.68,0.05493712623914082,1.0
mobilenet|ridge,ridge,SC480,0.8,27,1.0,0.798967719078064,0.016636772081255913,0.014252860457808894,0.01635837644735321,8.551716274685337,-0.0010322235248707403,1.0,0.037037037037037035,0.06052257219950358,1.0
mobilenet|ridge,ridge,SC560,0.9333333333333333,32,100.0,0.9203178882598877,0.026778381317853928,0.02012915785113971,0.029395156947841727,12.077494710683826,-0.013015463699897145,0.9375,0.21875,0.06317933400472009,0.9375
mobilenet|pls,pls,SC80,0.13333333333333333,26,{'modelo__n_components': 16},0.1460493310568567,0.021120515519588733,0.01982582297819107,0.024302592411613713,11.895493786914642,0.012715997723523343,1.0,1.0,0.06858367769446538,1.0
mobilenet|pls,pls,SC160,0.26666666666666666,31,{'modelo__n_components': 16},0.2304197567218549,0.02425651330382935,0.03624690994481181,0.04339627828056514,21.748145966887087,-0.03624690994481181,0.9354838709677419,0.967741935483871,0.07893410200812748,0.9354838709677419
mobilenet|pls,pls,SC240,0.4,26,{'modelo__n_components': 8},0.4381718759550738,0.017003432015694306,0.038234096699295235,0.04165439882116829,22.94045801957714,0.03817187595507383,0.8846153846153846,0.0,0.060191110814154736,0.8461538461538461
mobilenet|pls,pls,SC320,0.5333333333333333,26,{'modelo__n_components': 4},0.4853215474299001,0.020018723696310817,0.048259380189788474,0.05186971611172917,28.955628113873086,-0.048011785903433246,0.8461538461538461,0.15384615384615385,0.05975839052789578,0.6538461538461539
mobilenet|pls,pls,SC400,0.6666666666666666,25,{'modelo__n_components': 8},0.7258797592617298,0.01535118584724374,0.059213092595063174,0.06109355846004942,35.5278555570379,0.059213092595063174,0.68,0.68,0.056968525516365776,0.44
mobilenet|pls,pls,SC480,0.8,27,{'modelo__n_components': 16},0.7959520153943976,0.014633148018057226,0.011512741884192802,0.014919265927220005,6.907645130515681,-0.004047984605602385,1.0,0.037037037037037035,0.056770290790637334,1.0
mobilenet|pls,pls,SC560,0.9333333333333333,32,{'modelo__n_components': 16},0.9269462846413514,0.024473055835921884,0.018837595895510716,0.02492003764054177,11.30255753730643,-0.00638704869198194,0.96875,0.21875,0.05979679552607414,0.96875
mobilenet|pca_ridge,pca_ridge,SC80,0.13333333333333333,26,"{'modelo__alpha': 1.0, 'pca__n_components': 10}",0.07399368286132812,0.019643960520625114,0.05933965276449154,0.06238780213938598,35.603791658694924,-0.05933965276449154,0.5769230769230769,1.0,0.10872991482416788,1.0
mobilenet|pca_ridge,pca_ridge,SC160,0.26666666666666666,31,"{'modelo__alpha': 10.0, 'pca__n_components': 10}",0.22360609471797943,0.029645336791872978,0.044854299996488836,0.05200681103415193,26.912579997893303,-0.04306056473844793,0.8064516129032258,0.967741935483871,0.1108937621116638,1.0
mobilenet|pca_ridge,pca_ridge,SC240,0.4,26,"{'modelo__alpha': 10.0, 'pca__n_components': 30}",0.4481939971446991,0.024549994617700577,0.04865064506347361,0.05387189932911648,29.190387038084165,0.04819398453602423,0.8076923076923077,0.0,0.06659026344617208,0.8076923076923077
mobilenet|pca_ridge,pca_ridge,SC320,0.5333333333333333,26,"{'modelo__alpha': 1.0, 'pca__n_components': 30}",0.4873919188976288,0.019997188821434975,0.04596518851243532,0.04995117046814576,27.579113107461193,-0.04594139953454334,0.8846153846153846,0.15384615384615385,0.05480118592580163,0.5384615384615384
mobilenet|pca_ridge,pca_ridge,SC400,0.6666666666666666,25,"{'modelo__alpha': 1.0, 'pca__n_components': 30}",0.7346750497817993,0.01636379398405552,0.06800835688908899,0.0698727372588231,40.80501413345339,0.06800835688908899,0.56,0.68,0.052663511037826516,0.16
mobilenet|pca_ridge,pca_ridge,SC480,0.8,27,"{'modelo__alpha': 1.0, 'pca__n_components': 30}",0.7868274450302124,0.01564069464802742,0.016222427509449175,0.02022590403448305,9.733456505669505,-0.013172559384946514,1.0,0.037037037037037035,0.08423413832982385,1.0
mobilenet|pca_ridge,pca_ridge,SC560,0.9333333333333333,32,"{'modelo__alpha': 1.0, 'pca__n_components': 30}",0.924269437789917,0.030333319678902626,0.021927977850039804,0.031201137120802976,13.156786710023882,-0.009063888092835759,0.90625,0.21875,0.07696559031804406,0.9375
mobilenet|kernel_ridge,kernel_ridge,SC80,0.13333333333333333,26,{'modelo__alpha': 0.01},0.06416422380508101,0.023225555452349268,0.06916910952825232,0.07282200882129007,41.501465716951394,-0.06916910952825232,0.5,1.0,0.2357656737573002,1.0
mobilenet|kernel_ridge,kernel_ridge,SC160,0.26666666666666666,31,{'modelo__alpha': 0.01},0.12234258412604487,0.034989277335524926,0.14432408254062182,0.14837182485021042,86.59444952437309,-0.14432408254062182,0.0,0.967741935483871,0.21256915626481898,1.0
mobilenet|kernel_ridge,kernel_ridge,SC240,0.4,26,{'modelo__alpha': 0.01},0.38738097195092175,0.025963232417068893,0.023174831387958447,0.02841483397131847,13.904898832775068,-0.01261902804907827,1.0,0.0,0.23675326121781426,1.0
mobilenet|kernel_ridge,kernel_ridge,SC320,0.5333333333333333,26,{'modelo__alpha': 0.01},0.4060706021172429,0.033619033597923266,0.12726273121609039,0.13146319420169225,76.35763872965423,-0.12726273121609039,0.0,0.15384615384615385,0.2161457328099399,0.9615384615384616
mobilenet|kernel_ridge,kernel_ridge,SC400,0.6666666666666666,25,{'modelo__alpha': 0.01},0.5475265175468053,0.09541812662914145,0.12864689162401569,0.15144242888352358,77.18813497440941,-0.11914014911986145,0.2,0.68,0.19041224090904374,0.72
mobilenet|kernel_ridge,kernel_ridge,SC480,0.8,27,{'modelo__alpha': 0.01},0.7223283345467765,0.04908508476589636,0.07767166545322367,0.09139473803514568,46.6029992719342,-0.07767166545322367,0.48148148148148145,0.037037037037037035,0.2178680919984296,1.0
mobilenet|kernel_ridge,kernel_ridge,SC560,0.9333333333333333,32,{'modelo__alpha': 0.01},0.8407069318333649,0.11480803945938384,0.09625632016843193,0.1461117158006158,57.753792101059155,-0.09262640149996837,0.5,0.21875,0.1975942851748601,0.78125
mobilenet|svr,svr,SC80,0.13333333333333333,26,{'modelo__C': 3.0},0.3749670077308762,0.05259422394233115,0.2416336743975429,0.24707609054365168,144.98020463852575,0.2416336743975429,0.0,1.0,0.22338496744067327,0.5384615384615384
mobilenet|svr,svr,SC160,0.26666666666666666,31,{'modelo__C': 3.0},0.37965100103140387,0.05796016455020337,0.1182574778436026,0.12655620635903686,70.95448670616156,0.11298433436473723,0.1935483870967742,0.967741935483871,0.2959404663320224,1.0
mobilenet|svr,svr,SC240,0.4,26,{'modelo__C': 3.0},0.493387753175756,0.011047241782227359,0.09338775317575596,0.09401393560745877,56.03265190545358,0.09338775317575596,0.0,0.0,0.22125856006127628,1.0
mobilenet|svr,svr,SC320,0.5333333333333333,26,{'modelo__C': 0.3},0.48168953716664115,0.01950523289540796,0.05207763570586122,0.055071798067746446,31.246581423516734,-0.05164379616669217,0.8076923076923077,0.15384615384615385,0.2252440818362685,1.0
mobilenet|svr,svr,SC400,0.6666666666666666,25,{'modelo__C': 0.3},0.668753576673209,0.03516312482324237,0.028129743888837284,0.034515832987441195,16.87784633330237,0.002086910006542464,1.0,0.68,0.226070064191188,1.0
mobilenet|svr,svr,SC480,0.8,27,{'modelo__C': 0.3},0.7642032897625538,0.02155314500782499,0.0357967102374462,0.04157808810213314,21.47802614246772,-0.0357967102374462,0.8888888888888888,0.037037037037037035,0.21337815533065105,1.0
mobilenet|svr,svr,SC560,0.9333333333333333,32,{'modelo__C': 3.0},0.8801087881993555,0.058319943311036467,0.05379250033912951,0.07828013796074026,32.275500203477705,-0.0532245451339779,0.71875,0.21875,0.19712966774881366,0.96875
mobilenet|gp,gp,SC80,0.13333333333333333,26,,0.208726714878597,0.020305288941066327,0.0753933815452637,0.07797825892173091,45.23602892715822,0.0753933815452637,0.3076923076923077,1.0,0.07961378852954815,0.5
mobilenet|gp,gp,SC160,0.26666666666666666,31,,0.24155232786252992,0.02757103388771212,0.02888947145052052,0.036964450101179,17.333682870312312,-0.025114338804136722,0.9354838709677419,0.967741935483871,0.09025659988017831,0.9354838709677419
mobilenet|gp,gp,SC240,0.4,26,,0.4824509870876684,0.0148059919890515,0.08245098708766835,0.08371947940650432,49.47059225260101,0.08245098708766835,0.19230769230769232,0.0,0.06959366941199488,0.19230769230769232
mobilenet|gp,gp,SC320,0.5333333333333333,26,,0.506177404131864,0.016556436328201307,0.0274770774520708,0.03163885534611377,16.48624647124248,-0.027155929201469278,1.0,0.15384615384615385,0.10099720996674155,1.0
mobilenet|gp,gp,SC400,0.6666666666666666,25,,0.7136937738002885,0.022571968730662396,0.047027107133621765,0.05196790188991681,28.21626428017306,0.047027107133621765,0.8,0.68,0.07415223177674324,0.88
mobilenet|gp,gp,SC480,0.8,27,,0.779428051310944,0.015341493418177626,0.021621586537272492,0.025492143956999943,12.972951922363496,-0.02057194868905621,1.0,0.037037037037037035,0.09324426842135042,1.0
mobilenet|gp,gp,SC560,0.9333333333333333,32,,0.92986402750771,0.01978129457124737,0.013593548251223369,0.019776440146297505,8.156128950734022,-0.0034693058256233082,1.0,0.21875,0.09339486730329194,1.0
dinov2|ridge,ridge,SC80,0.13333333333333333,26,0.1,0.15737773478031158,0.05429084971547127,0.0501553815144759,0.05841458650923431,30.09322890868554,0.024044393423276075,0.7307692307692307,1.0,0.06933504939079282,0.7307692307692307
dinov2|ridge,ridge,SC160,0.26666666666666666,31,0.1,0.28636157512664795,0.04273868724703789,0.03863162398338319,0.04642803849362038,23.178974390029914,0.01969491711226843,0.8064516129032258,1.0,0.0620565970738729,0.7741935483870968
dinov2|ridge,ridge,SC240,0.4,26,10.0,0.456379771232605,0.023545367643237114,0.057561725148787844,0.06092406021053569,34.537035089272706,0.05637977696382081,0.6538461538461539,0.0,0.064445432027181,0.5384615384615384
dinov2|ridge,ridge,SC320,0.5333333333333333,26,10.0,0.5260217785835266,0.01672171615064144,0.014571056381250037,0.01795328210346864,8.742633828750023,-0.0073115673584815705,1.0,0.07692307692307693,0.10318408012390134,1.0
dinov2|ridge,ridge,SC400,0.6666666666666666,25,10.0,0.6889040470123291,0.02628938853740692,0.0285092870394389,0.034029213692364856,17.10557222366334,0.0222373731931051,0.96,0.08,0.0735186775525411,1.0
dinov2|ridge,ridge,SC480,0.8,27,0.1,0.8113555312156677,0.02749997191131115,0.02408626962591099,0.029277741392620255,14.451761775546593,0.01135548044134065,0.9629629629629629,0.0,0.07701901992162069,1.0
dinov2|ridge,ridge,SC560,0.9333333333333333,32,1.0,0.8990799188613892,0.025001060217618942,0.03598169634739559,0.04217602132275935,21.589017808437355,-0.034253418197234486,0.84375,0.0625,0.06600478887557981,0.84375
dinov2|pls,pls,SC80,0.13333333333333333,26,{'modelo__n_components': 8},0.11134944895699689,0.03972681492084965,0.03624911587239269,0.044730417319486744,21.749469523435614,-0.021983884376336454,0.8461538461538461,1.0,0.06789369886883978,0.8461538461538461
dinov2|pls,pls,SC160,0.26666666666666666,31,{'modelo__n_components': 16},0.2879601780232315,0.03646620700230759,0.03376446309114442,0.04171692237925918,20.258677854686653,0.021293511356564803,0.8709677419354839,1.0,0.07783440225468519,0.9354838709677419
dinov2|pls,pls,SC240,0.4,26,{'modelo__n_components': 16},0.4606897629900419,0.029122777390534923,0.062478424660503795,0.06707281769148082,37.487054796302274,0.06068976299004188,0.46153846153846156,0.0,0.06773183010246173,0.46153846153846156
dinov2|pls,pls,SC320,0.5333333333333333,26,{'modelo__n_components': 16},0.5217115705651665,0.017356133000197848,0.01694464240638868,0.020608608576404914,10.166785443833207,-0.011621762768166888,1.0,0.07692307692307693,0.10275141607061855,1.0
dinov2|pls,pls,SC400,0.6666666666666666,25,{'modelo__n_components': 16},0.6966478011001036,0.02840994745473682,0.03299793715595181,0.04091098302071815,19.798762293571087,0.029981134433436932,0.92,0.08,0.07672190585002187,0.96
dinov2|pls,pls,SC480,0.8,27,{'modelo__n_components': 16},0.8120358779754235,0.023329584424980454,0.020168228918510445,0.025864526635958923,12.100937351106268,0.012035877975423397,1.0,0.0,0.08440047232353609,1.0
dinov2|pls,pls,SC560,0.9333333333333333,32,{'modelo__n_components': 16},0.9070796429578152,0.024345210207777707,0.027870408611316455,0.03554467581815256,16.72224516678987,-0.026253690375518224,0.875,0.0625,0.07373282708116458,0.9375
dinov2|pca_ridge,pca_ridge,SC80,0.13333333333333333,26,"{'modelo__alpha': 1.0, 'pca__n_components': 10}",0.024386901408433914,0.02921067364513874,0.10894643221146022,0.11264888244130056,65.36785932687613,-0.10894643221146022,0.11538461538461539,1.0,0.11442710558573405,0.46153846153846156
dinov2|pca_ridge,pca_ridge,SC160,0.26666666666666666,31,"{'modelo__alpha': 1.0, 'pca__n_components': 30}",0.2992378771305084,0.044633276760578156,0.04655187636293392,0.054669465685700185,27.93112581776035,0.03257120277291987,0.7096774193548387,1.0,0.11650348504384359,1.0
dinov2|pca_ridge,pca_ridge,SC240,0.4,26,"{'modelo__alpha': 1.0, 'pca__n_components': 10}",0.48918452858924866,0.03851665183901787,0.08918453317422131,0.09685223023969458,53.51071990453279,0.08918453317422131,0.3076923076923077,0.0,0.12431254784266155,0.7692307692307693
dinov2|pca_ridge,pca_ridge,SC320,0.5333333333333333,26,"{'modelo__alpha': 1.0, 'pca__n_components': 10}",0.5549608469009399,0.044180162250995636,0.04088762150360989,0.048420713366956816,24.532572902165935,0.02162756514854921,0.8076923076923077,0.07692307692307693,0.13358256816864011,1.0
dinov2|pca_ridge,pca_ridge,SC400,0.6666666666666666,25,"{'modelo__alpha': 10.0, 'pca__n_components': 30}",0.6834890842437744,0.039639633148908615,0.03492062648137412,0.042325430843709315,20.95237588882447,0.016822415192921995,0.84,0.08,0.07935340801874796,0.96
dinov2|pca_ridge,pca_ridge,SC480,0.8,27,"{'modelo__alpha': 1.0, 'pca__n_components': 30}",0.8045715689659119,0.032589782029390335,0.02729356862880565,0.03230568150032483,16.37614117728339,0.004571648438771521,1.0,0.0,0.09917231400807702,1.0
dinov2|pca_ridge,pca_ridge,SC560,0.9333333333333333,32,"{'modelo__alpha': 1.0, 'pca__n_components': 30}",0.8933324813842773,0.03284301981329918,0.0436251240471999,0.051429804356329496,26.175074428319938,-0.0400008631249269,0.8125,0.0625,0.08566380341847737,0.9375
dinov2|kernel_ridge,kernel_ridge,SC80,0.13333333333333333,26,{'modelo__alpha': 0.01},0.015947806779737846,0.012072694889426477,0.11738552655359548,0.11798095625308744,70.43131593215729,-0.11738552655359548,0.0,1.0,0.31923029947086723,1.0
dinov2|kernel_ridge,kernel_ridge,SC160,0.26666666666666666,31,{'modelo__alpha': 0.01},0.14043362870853277,0.04804263239398872,0.12623303795813393,0.13479028057434717,75.73982277488035,-0.12623303795813393,0.0967741935483871,1.0,0.26466371091563057,1.0
dinov2|kernel_ridge,kernel_ridge,SC240,0.4,26,{'modelo__alpha': 0.01},0.4181476053307805,0.04002945096934463,0.03556522592398711,0.043244229798705854,21.339135554392264,0.01814760533078053,0.9615384615384616,0.0,0.2550599453254172,1.0
dinov2|kernel_ridge,kernel_ridge,SC320,0.5333333333333333,26,{'modelo__alpha': 0.01},0.5387991258565968,0.05453775610160079,0.04166466787706546,0.053757260010780725,24.998800726239274,0.005465792523263536,0.8076923076923077,0.07692307692307693,0.2651470475557644,1.0
dinov2|kernel_ridge,kernel_ridge,SC400,0.6666666666666666,25,{'modelo__alpha': 0.01},0.4880868972648774,0.09760098219885043,0.1785797694017892,0.20257257390063768,107.14786164107353,-0.1785797694017892,0.2,0.08,0.19057748718883794,0.44
dinov2|kernel_ridge,kernel_ridge,SC480,0.8,27,{'modelo__alpha': 0.01},0.8167009452542282,0.040874056079812426,0.03498876982092844,0.043448045783609335,20.993261892557065,0.016700945254228182,0.8888888888888888,0.0,0.26045578609028985,1.0
dinov2|kernel_ridge,kernel_ridge,SC560,0.9333333333333333,32,{'modelo__alpha': 0.01},0.7399870267906904,0.08500738756401745,0.19334630654264293,0.21067327712835668,116.00778392558576,-0.19334630654264293,0.0,0.0625,0.19047048834084224,0.59375
dinov2|svr,svr,SC80,0.13333333333333333,26,{'modelo__C': 3.0},0.47295568594871423,0.021213874211962788,0.3396223526153809,0.34025881629753457,203.77341156922853,0.3396223526153809,0.0,1.0,0.21756604536232177,0.0
dinov2|svr,svr,SC160,0.26666666666666666,31,{'modelo__C': 3.0},0.3590218872610393,0.027190173215742183,0.09235522059437268,0.09615063039518813,55.413132356623606,0.09235522059437268,0.1935483870967742,1.0,0.3836575967014727,1.0
dinov2|svr,svr,SC240,0.4,26,{'modelo__C': 3.0},0.46198749510871084,0.019409558732174634,0.061987495108710815,0.06484358771174711,37.19249706522649,0.061987495108710815,0.5384615384615384,0.0,0.3509742856153665,1.0
dinov2|svr,svr,SC320,0.5333333333333333,26,{'modelo__C': 3.0},0.5598831382132035,0.0297627645562863,0.034645724897433575,0.03945433069188585,20.787434938460144,0.02654980487987011,0.9230769230769231,0.07692307692307693,0.338747715228338,1.0
dinov2|svr,svr,SC400,0.6666666666666666,25,{'modelo__C': 3.0},0.5933918867583465,0.04764974407515055,0.07554841616267911,0.08688424228030653,45.329049697607466,-0.07327477990832013,0.44,0.08,0.33540166605868016,1.0
dinov2|svr,svr,SC480,0.8,27,{'modelo__C': 3.0},0.8153460948920388,0.025535108638251265,0.022891581779237776,0.029383578854527855,13.734949067542665,0.015346094892038638,0.9629629629629629,0.0,0.3379850773918901,1.0
dinov2|svr,svr,SC560,0.9333333333333333,32,{'modelo__C': 3.0},0.8105140630583492,0.057471444829490695,0.12281927027498421,0.13521953410595547,73.69156216499053,-0.12281927027498421,0.09375,0.0625,0.3058265693885688,1.0
dinov2|gp,gp,SC80,0.13333333333333333,26,,0.33960420800449154,0.03528606941512353,0.20627087467115818,0.20915279513634044,123.76252480269491,0.20627087467115818,0.0,1.0,0.09913650492091164,0.0
dinov2|gp,gp,SC160,0.26666666666666666,31,,0.28363498232379425,0.04600179395420493,0.03764643622397094,0.048330377555239286,22.587861734382564,0.016968315657127593,0.8387096774193549,1.0,0.15172619289176967,1.0
dinov2|gp,gp,SC240,0.4,26,,0.47265829485111205,0.02605680330435056,0.07265829485111198,0.07701993948584644,43.59497691066719,0.07265829485111198,0.38461538461538464,0.0,0.19839523995218125,1.0
dinov2|gp,gp,SC320,0.5333333333333333,26,,0.563574828364755,0.03250781438192875,0.03636893995972546,0.04393929311358999,21.821363975835276,0.03024149503142168,0.9615384615384616,0.07692307692307693,0.18286257909411763,1.0
dinov2|gp,gp,SC400,0.6666666666666666,25,,0.6686336861932954,0.043578887581050656,0.03313726614011331,0.04274369931238891,19.882359684067985,0.001967019526628868,0.88,0.08,0.20312361389891617,1.0
dinov2|gp,gp,SC480,0.8,27,,0.8042886722711954,0.025976274727560672,0.022017308407757733,0.02584894956867601,13.21038504465464,0.004288672271195247,1.0,0.0,0.20058336581689043,1.0
dinov2|gp,gp,SC560,0.9333333333333333,32,,0.8950914878960509,0.02563985919299187,0.04087154609775295,0.045818089195513896,24.52292765865177,-0.038241845437282526,0.8125,0.0625,0.19691889855197478,1.0
hibrido|ridge,ridge,SC80,0.13333333333333333,26,100.0,0.09028599595517633,0.022341460409979603,0.04304733737815699,0.04830130829982281,25.828402426894193,-0.04304733737815699,0.8461538461538461,1.0,0.059091891220632076,0.7692307692307693
hibrido|ridge,ridge,SC160,0.26666666666666666,31,100.0,0.2602876389980547,0.029837887533377103,0.023699953257740092,0.030037845906369223,14.219971954644056,-0.006379027668611959,0.967741935483871,1.0,0.07355864002999482,0.967741935483871
hibrido|ridge,ridge,SC240,0.4,26,10.0,0.442129559991578,0.012135931502957168,0.04212955999157791,0.04377803114677794,25.277735994946745,0.04212955999157791,1.0,0.0,0.049049671058747246,0.6538461538461539
hibrido|ridge,ridge,SC320,0.5333333333333333,26,10.0,0.5319604251096272,0.013099265865191079,0.00994661600437535,0.01291804932424267,5.967969602625209,-0.0013729082237062219,1.0,0.11538461538461539,0.09099279960028583,1.0
hibrido|ridge,ridge,SC400,0.6666666666666666,25,100.0,0.6585250964090515,0.023838458545165617,0.019993479265308,0.024735124576942775,11.996087559184799,-0.008141570257615057,1.0,0.08,0.05658639451105807,0.96
hibrido|ridge,ridge,SC480,0.8,27,1.0,0.8018395186946449,0.013912765711348633,0.011108642647663395,0.013776059046424385,6.665185588598037,0.0018395186946447767,1.0,0.0,0.050517116209154056,1.0
hibrido|ridge,ridge,SC560,0.9333333333333333,32,10.0,0.9113738450380504,0.014398401616026723,0.02271302486847248,0.02613531200794829,13.627814921083488,-0.021959488295282922,1.0,0.09375,0.054353488427725416,1.0
hibrido|pls,pls,SC80,0.13333333333333333,26,{'modelo__n_components': 4},0.056349863056892296,0.02251812854869567,0.07698347027644105,0.08008756624045123,46.19008216586463,-0.07698347027644105,0.34615384615384615,1.0,0.07612098984203369,0.5
hibrido|pls,pls,SC160,0.26666666666666666,31,{'modelo__n_components': 8},0.2743270475271664,0.031634902367640626,0.02588571244108937,0.03204942549788045,15.531427464653623,0.007660380860499793,0.967741935483871,1.0,0.07260107862583809,0.967741935483871
hibrido|pls,pls,SC240,0.4,26,{'modelo__n_components': 16},0.44021669137597136,0.01450594736590548,0.04021669137597136,0.04265807779061484,24.130014825582816,0.04021669137597136,1.0,0.0,0.04401949318987064,0.5384615384615384
hibrido|pls,pls,SC320,0.5333333333333333,26,{'modelo__n_components': 16},0.5337949059142576,0.013174438407550584,0.010099193843283762,0.012926842919189793,6.059516305970257,0.00046157258092431705,1.0,0.11538461538461539,0.09145370218229365,1.0
hibrido|pls,pls,SC400,0.6666666666666666,25,{'modelo__n_components': 16},0.6577218593864379,0.0158556091691836,0.014843633276131194,0.017926346691986547,8.906179965678717,-0.008944807280228785,1.0,0.08,0.04445639045482788,1.0
hibrido|pls,pls,SC480,0.8,27,{'modelo__n_components': 16},0.7988488639825584,0.014566983065337368,0.011619099147452693,0.014340954004888778,6.971459488471616,-0.0011511360174416851,1.0,0.0,0.050160282881126894,1.0
hibrido|pls,pls,SC560,0.9333333333333333,32,{'modelo__n_components': 16},0.9145804232565373,0.01651869207032995,0.020646152393671513,0.0248195834865677,12.387691436202907,-0.018752910076795998,1.0,0.09375,0.05027302143840673,0.96875
hibrido|pca_ridge,pca_ridge,SC80,0.13333333333333333,26,"{'modelo__alpha': 1.0, 'pca__n_components': 30}",0.0399367999939009,0.028651260649929886,0.09339653333943244,0.09753068390081382,56.037920003659465,-0.09339653333943244,0.19230769230769232,1.0,0.0778210034082446,0.3076923076923077
hibrido|pca_ridge,pca_ridge,SC160,0.26666666666666666,31,"{'modelo__alpha': 10.0, 'pca__n_components': 30}",0.28169149520040326,0.03741708277933818,0.03242259890182744,0.03975702500633679,19.453559341096465,0.01502482853373661,0.9032258064516129,1.0,0.10157748772039413,1.0
hibrido|pca_ridge,pca_ridge,SC240,0.4,26,"{'modelo__alpha': 1.0, 'pca__n_components': 10}",0.47777001687694326,0.03144548499858139,0.07777001687694324,0.08365980259381561,46.662010126165946,0.07777001687694324,0.46153846153846156,0.0,0.10227205103418804,0.6923076923076923
hibrido|pca_ridge,pca_ridge,SC320,0.5333333333333333,26,"{'modelo__alpha': 10.0, 'pca__n_components': 10}",0.5399856794495258,0.03418401601848019,0.025999237031407267,0.03417391617148226,15.59954221884436,0.006652346116192542,0.9615384615384616,0.11538461538461539,0.13333333333333333,1.0
hibrido|pca_ridge,pca_ridge,SC400,0.6666666666666666,25,"{'modelo__alpha': 1.0, 'pca__n_components': 30}",0.6701629103913368,0.03051377444198689,0.025499382897750448,0.030101005525578213,15.29962973865027,0.0034962437246702383,1.0,0.08,0.08095831515659058,1.0
hibrido|pca_ridge,pca_ridge,SC480,0.8,27,"{'modelo__alpha': 10.0, 'pca__n_components': 30}",0.8007694715332488,0.02419703692154666,0.019913223553776897,0.02375718045391981,11.947934132266138,0.0007694715332486355,1.0,0.0,0.08122098694232252,1.0
hibrido|pca_ridge,pca_ridge,SC560,0.9333333333333333,32,"{'modelo__alpha': 10.0, 'pca__n_components': 10}",0.9113733771929411,0.03335759765243425,0.02926443848670038,0.039499319026332066,17.55866309202023,-0.021959956140392197,0.875,0.09375,0.12528962496101403,1.0
hibrido|kernel_ridge,kernel_ridge,SC80,0.13333333333333333,26,{'modelo__alpha': 0.01},0.01599888994031157,0.011195706306966549,0.11733444339302176,0.11784691141116124,70.40066603581306,-0.11733444339302176,0.0,1.0,0.31959725532872024,1.0
hibrido|kernel_ridge,kernel_ridge,SC160,0.26666666666666666,31,{'modelo__alpha': 0.01},0.14507261630887944,0.04415422850742677,0.12159405035778723,0.12911939740927422,72.95643021467234,-0.12159405035778723,0.0967741935483871,1.0,0.27185969368009466,1.0
hibrido|kernel_ridge,kernel_ridge,SC240,0.4,26,{'modelo__alpha': 0.01},0.3994709763738342,0.03261045761537627,0.02586742266475136,0.03198156028992415,15.520453598850816,-0.0005290236261657413,0.9615384615384616,0.0,0.2560511132592924,1.0
hibrido|kernel_ridge,kernel_ridge,SC320,0.5333333333333333,26,{'modelo__alpha': 0.01},0.5241648219547324,0.05018326791736266,0.036592822232821516,0.05005558875084354,21.95569333969291,-0.009168511378600993,0.8846153846153846,0.11538461538461539,0.26857390399865366,1.0
hibrido|kernel_ridge,kernel_ridge,SC400,0.6666666666666666,25,{'modelo__alpha': 0.01},0.48487010443861567,0.08710370917409299,0.18179656222805105,0.2008321785564933,109.07793733683063,-0.18179656222805105,0.12,0.08,0.22818080388222528,0.68
hibrido|kernel_ridge,kernel_ridge,SC480,0.8,27,{'modelo__alpha': 0.01},0.8057161857887047,0.03721614878256671,0.03146204389707998,0.03696510068047488,18.87722633824799,0.005716185788704697,0.9629629629629629,0.0,0.2960959779746828,1.0
hibrido|kernel_ridge,kernel_ridge,SC560,0.9333333333333333,32,{'modelo__alpha': 0.01},0.6859110799045782,0.07215051704135086,0.24742225342875515,0.2574117141204547,148.45335205725308,-0.24742225342875515,0.0,0.09375,0.1837034402429501,0.125
hibrido|svr,svr,SC80,0.13333333333333333,26,{'modelo__C': 3.0},0.4806868943326771,0.024318392146842414,0.3473535609993438,0.34817112888565166,208.41213659960627,0.3473535609993438,0.0,1.0,0.21670433697276864,0.0
hibrido|svr,svr,SC160,0.26666666666666666,31,{'modelo__C': 3.0},0.35932312301807734,0.029010323479875637,0.09265645635141066,0.09695189230445231,55.5938738108464,0.09265645635141066,0.1935483870967742,1.0,0.3896508405170166,1.0
hibrido|svr,svr,SC240,0.4,26,{'modelo__C': 3.0},0.45262863238189266,0.014054935298802045,0.052628632381892554,0.05440327576479051,31.577179429135533,0.052628632381892554,0.8846153846153846,0.0,0.3575906531039327,1.0
hibrido|svr,svr,SC320,0.5333333333333333,26,{'modelo__C': 3.0},0.5480033499466919,0.02313980820475199,0.022766715603135035,0.027019730801454138,13.660029361881021,0.014670016613358532,1.0,0.11538461538461539,0.3459585394875486,1.0
hibrido|svr,svr,SC400,0.6666666666666666,25,{'modelo__C': 3.0},0.5910369803080953,0.037872128488842964,0.07585240312001698,0.08424236256373799,45.51144187201019,-0.07562968635857131,0.44,0.08,0.3431891886139059,1.0
hibrido|svr,svr,SC480,0.8,27,{'modelo__C': 3.0},0.8086960211066466,0.020310589782985552,0.017102288080601828,0.021745397668886324,10.261372848361097,0.008696021106646542,1.0,0.0,0.34522557304837487,1.0
hibrido|svr,svr,SC560,0.9333333333333333,32,{'modelo__C': 3.0},0.7807098444237421,0.04663160917517694,0.15262348890959115,0.15937528979818896,91.57409334575469,-0.15262348890959115,0.0,0.09375,0.3139700325132804,1.0
hibrido|gp,gp,SC80,0.13333333333333333,26,,0.2867615110173991,0.032539712731750235,0.15342817768406575,0.15671092581447846,92.05690661043946,0.15342817768406575,0.0,1.0,0.080578811972565,0.0
hibrido|gp,gp,SC160,0.26666666666666666,31,,0.2761382669297204,0.03576010876616117,0.02906114428279714,0.03643138000753931,17.436686569678283,0.009471600263053761,0.9354838709677419,1.0,0.0876174129299164,0.967741935483871
hibrido|gp,gp,SC240,0.4,26,,0.4593464391509438,0.01755864536849905,0.05934643915094381,0.06179359143917117,35.60786349056628,0.05934643915094381,0.6153846153846154,0.0,0.13708727579474922,1.0
hibrido|gp,gp,SC320,0.5333333333333333,26,,0.5488771356490852,0.026681624210664757,0.023167804153532874,0.030432511280757253,13.900682492119724,0.015543802315751932,0.9615384615384616,0.11538461538461539,0.14302018067501787,1.0
hibrido|gp,gp,SC400,0.6666666666666666,25,,0.6659543063134943,0.03436611475139356,0.026748462029233807,0.03367931274023394,16.049077217540283,-0.0007123603531723344,0.96,0.08,0.17645860216620615,1.0
hibrido|gp,gp,SC480,0.8,27,,0.7946707864037129,0.02108078612422658,0.01791237118690245,0.02136213516514936,10.747422712141471,-0.005329213596287192,1.0,0.0,0.14686699334634765,1.0
hibrido|gp,gp,SC560,0.9333333333333333,32,,0.8909154465879587,0.018931039695553743,0.042499255257002155,0.04632992414897173,25.499553154201294,-0.04241788674537458,0.90625,0.09375,0.1259381888970675,1.0
hibrido_inv|ridge,ridge,SC80,0.13333333333333333,26,10.0,0.11530579908653306,0.0253562769975644,0.025284841568894902,0.030711631062776662,15.170904941336941,-0.018027534246800283,1.0,1.0,0.045558200255384484,0.8461538461538461
hibrido_inv|ridge,ridge,SC160,0.26666666666666666,31,100.0,0.2538266941069681,0.030025233889654186,0.025428142764574328,0.032207117956610284,15.256885658744597,-0.012839972559698497,0.967741935483871,1.0,0.0703006413065457,0.967741935483871
hibrido_inv|ridge,ridge,SC240,0.4,26,10.0,0.444238356550913,0.012068677685442787,0.04423835655091293,0.045793920269694616,26.543013930547758,0.04423835655091293,1.0,0.0,0.04877905390119508,0.5769230769230769
hibrido_inv|ridge,ridge,SC320,0.5333333333333333,26,10.0,0.5294285223395687,0.013329149150231137,0.010339850054318108,0.01364113081547909,6.203910032590865,-0.003904810993764656,1.0,0.11538461538461539,0.0907229413221739,1.0
hibrido_inv|ridge,ridge,SC400,0.6666666666666666,25,100.0,0.6641987315670321,0.024403540262696866,0.020105739252610482,0.02403751588486115,12.063443551566289,-0.0024679350996344683,1.0,0.08,0.05713577222562782,0.96
hibrido_inv|ridge,ridge,SC480,0.8,27,1.0,0.8026202513228199,0.01414972276536233,0.011472776360078953,0.014130287108312052,6.883665816047372,0.0026202513228199185,1.0,0.0,0.04915322890678725,1.0
hibrido_inv|ridge,ridge,SC560,0.9333333333333333,32,10.0,0.9132158782747022,0.014759538894983099,0.021245801749491502,0.024814277377979366,12.747481049694901,-0.020117455058631193,1.0,0.09375,0.0533143336757782,1.0
hibrido_inv|pls,pls,SC80,0.13333333333333333,26,{'modelo__n_components': 4},0.06257854369225377,0.02355375863319617,0.07075478964107956,0.07442904089176289,42.452873784647736,-0.07075478964107956,0.4230769230769231,1.0,0.07619781893620142,0.5384615384615384
hibrido_inv|pls,pls,SC160,0.26666666666666666,31,{'modelo__n_components': 8},0.2664068736327967,0.03233549250615823,0.02480878251635748,0.03181073795855749,14.885269509814487,-0.0002597930338699598,0.967741935483871,1.0,0.06987667451079504,0.967741935483871
hibrido_inv|pls,pls,SC240,0.4,26,{'modelo__n_components': 16},0.4426780295619585,0.014618363951827307,0.04267802956195855,0.045021013685610754,25.606817737175128,0.04267802956195855,0.9615384615384616,0.0,0.04406536047279053,0.46153846153846156
hibrido_inv|pls,pls,SC320,0.5333333333333333,26,{'modelo__n_components': 16},0.5305664191595887,0.013216751268232761,0.01045435085775623,0.013252160951977284,6.272610514653738,-0.0027669141737446134,1.0,0.11538461538461539,0.0871887695424538,1.0
hibrido_inv|pls,pls,SC400,0.6666666666666666,25,{'modelo__n_components': 16},0.6638221511734329,0.016597151061158926,0.014506245905316809,0.016508727231506926,8.703747543190085,-0.0028445154932337058,1.0,0.08,0.04552771317494736,1.0
hibrido_inv|pls,pls,SC480,0.8,27,{'modelo__n_components': 16},0.797094631155941,0.013970190973437095,0.011503109211985484,0.014013530063811836,6.9018655271912905,-0.0029053688440590537,1.0,0.0,0.0548315291637963,1.0
hibrido_inv|pls,pls,SC560,0.9333333333333333,32,{'modelo__n_components': 16},0.9163965539257631,0.01702447456862004,0.01953742512323729,0.023824986003988222,11.722455073942374,-0.016936779407570195,1.0,0.09375,0.051602541002059965,0.96875
hibrido_inv|pca_ridge,pca_ridge,SC80,0.13333333333333333,26,"{'modelo__alpha': 1.0, 'pca__n_components': 30}",0.04625545425027849,0.030469897986201207,0.08707787908305485,0.09206119406048908,52.24672744983291,-0.08707787908305485,0.3076923076923077,1.0,0.07820724511836868,0.38461538461538464
hibrido_inv|pca_ridge,pca_ridge,SC160,0.26666666666666666,31,"{'modelo__alpha': 10.0, 'pca__n_components': 30}",0.27825964167079487,0.03716592211654444,0.031274029443162585,0.0383555026779512,18.76441766589755,0.011592975004128177,0.9354838709677419,1.0,0.09511093637050985,1.0
hibrido_inv|pca_ridge,pca_ridge,SC240,0.4,26,"{'modelo__alpha': 1.0, 'pca__n_components': 10}",0.4775977548261397,0.03205851103885256,0.07759775482613959,0.08372353856505378,46.55865289568376,0.07759775482613959,0.5,0.0,0.09959669982107092,0.6923076923076923
hibrido_inv|pca_ridge,pca_ridge,SC320,0.5333333333333333,26,"{'modelo__alpha': 10.0, 'pca__n_components': 30}",0.5366566104574979,0.021090398429397483,0.016686189087500435,0.02094614990298124,10.011713452500262,0.0033232771241645956,1.0,0.11538461538461539,0.11949805964100726,1.0
hibrido_inv|pca_ridge,pca_ridge,SC400,0.6666666666666666,25,"{'modelo__alpha': 10.0, 'pca__n_components': 30}",0.6748504961924198,0.03153103534947501,0.02703987511331126,0.03195955269255251,16.223925067986755,0.008183829525753281,1.0,0.08,0.07506816548147402,1.0
hibrido_inv|pca_ridge,pca_ridge,SC480,0.8,27,"{'modelo__alpha': 10.0, 'pca__n_components': 30}",0.7994190014646122,0.023598414953407688,0.019263346735830342,0.023164571445774787,11.558008041498205,-0.0005809985353878814,1.0,0.0,0.08274627772976453,1.0
hibrido_inv|pca_ridge,pca_ridge,SC560,0.9333333333333333,32,"{'modelo__alpha': 10.0, 'pca__n_components': 10}",0.9121467975072164,0.03327888696500889,0.02891669651963876,0.03900954669071715,17.350017911783258,-0.021186535826116903,0.875,0.09375,0.12201107113982626,1.0
hibrido_inv|kernel_ridge,kernel_ridge,SC80,0.13333333333333333,26,{'modelo__alpha': 0.01},0.016540193950338913,0.011666691349774175,0.11679313938299443,0.11735209426806104,70.07588362979666,-0.11679313938299443,0.0,1.0,0.31336263523575203,1.0
hibrido_inv|kernel_ridge,kernel_ridge,SC160,0.26666666666666666,31,{'modelo__alpha': 0.01},0.14288730431350455,0.04419739815757003,0.12377936235316214,0.13119347286554298,74.26761741189729,-0.12377936235316214,0.06451612903225806,1.0,0.27281195639190003,1.0
hibrido_inv|kernel_ridge,kernel_ridge,SC240,0.4,26,{'modelo__alpha': 0.01},0.3991879048968897,0.03254112195510092,0.026230361316814853,0.031919527669225435,15.738216790088911,-0.0008120951031102103,0.9615384615384616,0.0,0.25424371909568,1.0
hibrido_inv|kernel_ridge,kernel_ridge,SC320,0.5333333333333333,26,{'modelo__alpha': 0.01},0.5263502121109714,0.04902739974863475,0.03636472651691261,0.048579835831567005,21.818835910147566,-0.006983121222361949,0.8846153846153846,0.11538461538461539,0.2650735875792175,1.0
hibrido_inv|kernel_ridge,kernel_ridge,SC400,0.6666666666666666,25,{'modelo__alpha': 0.01},0.48985105612701646,0.08808843272617095,0.1768156105396502,0.19675606529775966,106.08936632379012,-0.1768156105396502,0.16,0.08,0.2306219263709769,0.68
hibrido_inv|kernel_ridge,kernel_ridge,SC480,0.8,27,{'modelo__alpha': 0.01},0.8032666633463121,0.03740570667870386,0.03168942400564001,0.0368515433164704,19.013654403384006,0.0032666633463120025,0.9629629629629629,0.0,0.29644112172618875,1.0
hibrido_inv|kernel_ridge,kernel_ridge,SC560,0.9333333333333333,32,{'modelo__alpha': 0.01},0.68411528463335,0.07268026411444088,0.24921804869998332,0.2592816633312702,149.53082921998998,-0.24921804869998332,0.0,0.09375,0.18598160659828242,0.125
hibrido_inv|svr,svr,SC80,0.13333333333333333,26,{'modelo__C': 3.0},0.4812945659132307,0.024611042413830934,0.3479612325798973,0.34879711366676613,208.77673954793838,0.3479612325798973,0.0,1.0,0.2174455123049156,0.0
hibrido_inv|svr,svr,SC160,0.26666666666666666,31,{'modelo__C': 3.0},0.3575206589262952,0.030075272979683612,0.09085399225962858,0.0955499441330953,54.512395355777144,0.09085399225962858,0.22580645161290322,1.0,0.3905496158659324,1.0
hibrido_inv|svr,svr,SC240,0.4,26,{'modelo__C': 3.0},0.4520237202209024,0.014446152973765471,0.05202372022090243,0.0539178283272607,31.214232132541458,0.05202372022090243,0.8846153846153846,0.0,0.3586256097922985,1.0
hibrido_inv|svr,svr,SC320,0.5333333333333333,26,{'modelo__C': 3.0},0.548065296906397,0.023263886322036135,0.02289381644403253,0.027155541783744082,13.736289866419519,0.01473196357306366,1.0,0.11538461538461539,0.34666712446577796,1.0
hibrido_inv|svr,svr,SC400,0.6666666666666666,25,{'modelo__C': 3.0},0.5954242081021616,0.03879251270871927,0.07205737631747039,0.08074746177361321,43.234425790482234,-0.07124245856450509,0.48,0.08,0.34419070520563444,1.0
hibrido_inv|svr,svr,SC480,0.8,27,{'modelo__C': 3.0},0.806592202042867,0.02036350697509293,0.016878600351566783,0.021042131699449636,10.12716021094007,0.0065922020428669315,1.0,0.0,0.3458775241422474,1.0
hibrido_inv|svr,svr,SC560,0.9333333333333333,32,{'modelo__C': 3.0},0.7797961293238757,0.046760325867972984,0.1535372040094577,0.16028684315304356,92.12232240567462,-0.1535372040094577,0.0,0.09375,0.3147985983098319,1.0
hibrido_inv|gp,gp,SC80,0.13333333333333333,26,,0.2989484349359832,0.033041995859191944,0.16561510160264986,0.1687546861012285,99.36906096158992,0.16561510160264986,0.0,1.0,0.08114404170967193,0.0
hibrido_inv|gp,gp,SC160,0.26666666666666666,31,,0.27355941197851963,0.0355060301007204,0.029096807981067948,0.035602262197675975,17.458084788640768,0.006892745311852982,0.9354838709677419,1.0,0.09568501767590584,0.967741935483871
hibrido_inv|gp,gp,SC240,0.4,26,,0.4574671105274893,0.01684613034795588,0.0574671105274892,0.05979419552944569,34.48026631649352,0.0574671105274892,0.6923076923076923,0.0,0.14420803783748612,1.0
hibrido_inv|gp,gp,SC320,0.5333333333333333,26,,0.5489577807717733,0.02549642366324898,0.022407034783495133,0.029482000892374988,13.44422087009708,0.015624447438439985,0.9615384615384616,0.11538461538461539,0.14951289537895762,1.0
hibrido_inv|gp,gp,SC400,0.6666666666666666,25,,0.6689074661437203,0.03525892848252006,0.027950514310018902,0.034619149881567134,16.770308586011343,0.00224079947705369,0.96,0.08,0.18439166111888364,1.0
hibrido_inv|gp,gp,SC480,0.8,27,,0.7937013653275423,0.02083442199639955,0.01769193070772641,0.021393203493188996,10.615158424635846,-0.006298634672457747,1.0,0.0,0.1550613137573603,1.0
hibrido_inv|gp,gp,SC560,0.9333333333333333,32,,0.8910663653419271,0.018829875714376568,0.04235701816125281,0.046151713627433096,25.414210896751687,-0.04226696799140631,0.90625,0.09375,0.1396379651971514,1.0
hibrido_mb|ridge,ridge,SC80,0.13333333333333333,26,1.0,0.10919510609772815,0.02117120340544031,0.027051571202116917,0.03183762934912789,16.23094272127015,-0.024138227235605193,0.9615384615384616,1.0,0.06116747470562889,0.9615384615384616
hibrido_mb|ridge,ridge,SC160,0.26666666666666666,31,0.1,0.23697566702486197,0.02518725212700713,0.031502110171471746,0.03867154882443553,18.90126610288305,-0.02969099964180466,0.9354838709677419,0.967741935483871,0.09581616675929686,1.0
hibrido_mb|ridge,ridge,SC240,0.4,26,100.0,0.43699129453719376,0.015373495657650624,0.0370802045671836,0.0399450882117554,22.24812274031016,0.03699129453719373,1.0,0.0,0.05397705885997975,0.8461538461538461
hibrido_mb|ridge,ridge,SC320,0.5333333333333333,26,100.0,0.49518089002832694,0.013539141471209425,0.038152443305006396,0.040396373113151404,22.891465983003837,-0.038152443305006396,1.0,0.15384615384615385,0.053010133023248085,0.8461538461538461
hibrido_mb|ridge,ridge,SC400,0.6666666666666666,25,100.0,0.7022506304673896,0.013450162435873252,0.03558396380072284,0.03794587032261184,21.350378280433702,0.03558396380072284,1.0,0.68,0.05255518944416293,0.88
hibrido_mb|ridge,ridge,SC480,0.8,27,100.0,0.7903037158572866,0.01175530977787234,0.01172688065654675,0.015069412254846041,7.03612839392805,-0.009696284142713375,1.0,0.037037037037037035,0.0594229051015738,1.0
hibrido_mb|ridge,ridge,SC560,0.9333333333333333,32,100.0,0.9208369070425095,0.02249259746194634,0.017552958675320845,0.02542179588923373,10.531775205192506,-0.012496426290823797,0.96875,0.21875,0.05701741836807117,0.96875
hibrido_mb|pls,pls,SC80,0.13333333333333333,26,{'modelo__n_components': 16},0.11104174544986024,0.016920747764002632,0.023551531997493325,0.02778874964099452,14.130919198495995,-0.022291587883473078,1.0,1.0,0.05886357134203535,1.0
hibrido_mb|pls,pls,SC160,0.26666666666666666,31,{'modelo__n_components': 16},0.22894376933271124,0.021609141900428685,0.03772289733395543,0.043300218613579945,22.633738400373257,-0.03772289733395543,0.9354838709677419,0.967741935483871,0.088517782756704,0.9354838709677419
hibrido_mb|pls,pls,SC240,0.4,26,{'modelo__n_components': 8},0.4341515961781157,0.014590557059833406,0.034247595316118346,0.037027395493195135,20.54855718967101,0.03415159617811573,1.0,0.0,0.05326243586147894,0.8461538461538461
hibrido_mb|pls,pls,SC320,0.5333333333333333,26,{'modelo__n_components': 8},0.4940820528767627,0.01403509679213004,0.03925128045657063,0.04159411802147812,23.550768273942378,-0.03925128045657063,1.0,0.15384615384615385,0.0582500111450564,0.9230769230769231
hibrido_mb|pls,pls,SC400,0.6666666666666666,25,{'modelo__n_components': 4},0.7110187837875533,0.017501259868316018,0.04435211712088661,0.047551578587929536,26.611270272531964,0.04435211712088661,0.92,0.68,0.0712875147330109,0.92
hibrido_mb|pls,pls,SC480,0.8,27,{'modelo__n_components': 16},0.7925680700414162,0.01152052234418014,0.010744833454323989,0.013529241377410855,6.446900072594393,-0.007431929958583965,1.0,0.037037037037037035,0.050149014703928685,1.0
hibrido_mb|pls,pls,SC560,0.9333333333333333,32,{'modelo__n_components': 2},0.9104996837765528,0.027354107480319825,0.02574591760682796,0.035302124911262084,15.447550564096776,-0.022833649556780546,0.9375,0.21875,0.09307662449521137,0.96875
hibrido_mb|pca_ridge,pca_ridge,SC80,0.13333333333333333,26,"{'modelo__alpha': 10.0, 'pca__n_components': 10}",0.06806812590886469,0.017563733358219792,0.06526520742446865,0.06749938690351136,39.15912445468119,-0.06526520742446865,0.5,1.0,0.09768763929387991,1.0
hibrido_mb|pca_ridge,pca_ridge,SC160,0.26666666666666666,31,"{'modelo__alpha': 10.0, 'pca__n_components': 30}",0.2490489537892357,0.02419482035954224,0.022485953700282727,0.029612321969341913,13.491572220169637,-0.017617712877430938,0.9354838709677419,0.967741935483871,0.10095476789130112,1.0
hibrido_mb|pca_ridge,pca_ridge,SC240,0.4,26,"{'modelo__alpha': 1.0, 'pca__n_components': 30}",0.4407018081655435,0.023103117783997366,0.041502413220899356,0.046581780100284825,24.901447932539615,0.04070180816554346,0.8461538461538461,0.0,0.06448567648859418,0.8461538461538461
hibrido_mb|pca_ridge,pca_ridge,SC320,0.5333333333333333,26,"{'modelo__alpha': 10.0, 'pca__n_components': 30}",0.4930879520713117,0.017653105217280893,0.0402453812620216,0.043810238367555224,24.14722875721296,-0.0402453812620216,0.9615384615384616,0.15384615384615385,0.049625478666214806,0.6153846153846154
hibrido_mb|pca_ridge,pca_ridge,SC400,0.6666666666666666,25,"{'modelo__alpha': 10.0, 'pca__n_components': 30}",0.7202954333372356,0.0146975497366308,0.05362876667056897,0.05552856800005413,32.177260002341384,0.05362876667056897,0.72,0.68,0.04961118188168745,0.48
hibrido_mb|pca_ridge,pca_ridge,SC480,0.8,27,"{'modelo__alpha': 10.0, 'pca__n_components': 30}",0.785439970481187,0.013276412689006421,0.015671892771967105,0.019537894698749322,9.403135663180263,-0.014560029518813147,1.0,0.037037037037037035,0.06982798029760223,1.0
hibrido_mb|pca_ridge,pca_ridge,SC560,0.9333333333333333,32,"{'modelo__alpha': 10.0, 'pca__n_components': 10}",0.9049500932518293,0.029707866062179837,0.031024838738904145,0.040750284755829605,18.614903243342486,-0.028383240081504002,0.875,0.21875,0.08862399003236146,0.96875
hibrido_mb|kernel_ridge,kernel_ridge,SC80,0.13333333333333333,26,{'modelo__alpha': 0.01},0.056986339843144225,0.020203147563390908,0.0763469934901891,0.07887541980297136,45.80819609411346,-0.0763469934901891,0.38461538461538464,1.0,0.2355637814511491,1.0
hibrido_mb|kernel_ridge,kernel_ridge,SC160,0.26666666666666666,31,{'modelo__alpha': 0.01},0.12712450952883175,0.03415226306621622,0.13954215713783494,0.14352966809816006,83.72529428270096,-0.13954215713783494,0.0,0.967741935483871,0.2147420534103215,1.0
hibrido_mb|kernel_ridge,kernel_ridge,SC240,0.4,26,{'modelo__alpha': 0.01},0.3824444500342874,0.02451072026809939,0.024934356409581374,0.02976350107423125,14.960613845748824,-0.017555549965712607,1.0,0.0,0.23350817641352972,1.0
hibrido_mb|kernel_ridge,kernel_ridge,SC320,0.5333333333333333,26,{'modelo__alpha': 0.01},0.4121246970137955,0.03397878727969367,0.12120863631953772,0.12570475498999445,72.72518179172263,-0.12120863631953772,0.038461538461538464,0.15384615384615385,0.22607875360837104,0.9615384615384616
hibrido_mb|kernel_ridge,kernel_ridge,SC400,0.6666666666666666,25,{'modelo__alpha': 0.01},0.5454257549408169,0.09014573205842637,0.1269610787181324,0.15000187186875671,76.17664723087944,-0.12124091172584972,0.2,0.68,0.1931740076254533,0.72
hibrido_mb|kernel_ridge,kernel_ridge,SC480,0.8,27,{'modelo__alpha': 0.1},0.7158993253524778,0.0500240952958857,0.08410067464752224,0.09737890803663776,50.460404788513344,-0.08410067464752224,0.4444444444444444,0.037037037037037035,0.23149671077794876,1.0
hibrido_mb|kernel_ridge,kernel_ridge,SC560,0.9333333333333333,32,{'modelo__alpha': 0.01},0.795209365447411,0.10256509599373549,0.13812396788592235,0.17108212049955454,82.87438073155342,-0.13812396788592235,0.28125,0.21875,0.19778438545474564,0.78125
hibrido_mb|svr,svr,SC80,0.13333333333333333,26,{'modelo__C': 3.0},0.3728713325009197,0.05267008453973797,0.23953799916758634,0.24504263556110564,143.7227995005518,0.23953799916758634,0.0,1.0,0.2194037173868852,0.5384615384615384
hibrido_mb|svr,svr,SC160,0.26666666666666666,31,{'modelo__C': 3.0},0.37863999514930813,0.057374192541002116,0.11673850116122649,0.12539392820201398,70.04310069673589,0.11197332848264148,0.1935483870967742,0.967741935483871,0.2911034870911884,1.0
hibrido_mb|svr,svr,SC240,0.4,26,{'modelo__C': 3.0},0.49118368657058986,0.010490087970728396,0.09118368657058992,0.09176205239483709,54.71021194235395,0.09118368657058992,0.0,0.0,0.21850679484803445,1.0
hibrido_mb|svr,svr,SC320,0.5333333333333333,26,{'modelo__C': 0.3},0.4864714284932066,0.018486222126496334,0.047362639291899974,0.05024574282354158,28.417583575139986,-0.04686190484012673,0.8846153846153846,0.15384615384615385,0.22126401201359588,1.0
hibrido_mb|svr,svr,SC400,0.6666666666666666,25,{'modelo__C': 0.3},0.6641386697481554,0.031611001304031515,0.025434517844913556,0.03107532712178176,15.260710706948133,-0.0025279969185112616,1.0,0.68,0.222288884754251,1.0
hibrido_mb|svr,svr,SC480,0.8,27,{'modelo__C': 0.3},0.7669110910083522,0.01911832688769622,0.033088908991647924,0.03803746703145276,19.853345394988754,-0.033088908991647924,0.9629629629629629,0.037037037037037035,0.21043645824271948,1.0
hibrido_mb|svr,svr,SC560,0.9333333333333333,32,{'modelo__C': 0.3},0.8594515409451129,0.05056362223144516,0.07388179238822047,0.08908031709080869,44.329075432932285,-0.07388179238822047,0.625,0.21875,0.1939246888528445,0.96875
hibrido_mb|gp,gp,SC80,0.13333333333333333,26,,0.19156217882315293,0.01778450196265615,0.058228845489819554,0.06078422504599687,34.937307293891735,0.058228845489819554,0.6923076923076923,1.0,0.07921401386358828,0.9230769230769231
hibrido_mb|gp,gp,SC160,0.26666666666666666,31,,0.23428944466000143,0.02502789700488179,0.03345765924216686,0.04067522369649005,20.074595545300113,-0.03237722200666525,0.9354838709677419,0.967741935483871,0.09082533782028906,0.9354838709677419
hibrido_mb|gp,gp,SC240,0.4,26,,0.4791580002970545,0.01458842234172807,0.07915800029705447,0.08044019898878922,47.49480017823268,0.07915800029705447,0.19230769230769232,0.0,0.060483495440931984,0.15384615384615385
hibrido_mb|gp,gp,SC320,0.5333333333333333,26,,0.5124776278619663,0.01566955807237041,0.02182548014720113,0.025904668403890347,13.095288088320679,-0.020855705471367073,1.0,0.15384615384615385,0.1029286451359458,1.0
hibrido_mb|gp,gp,SC400,0.6666666666666666,25,,0.7075559955409514,0.01889238592234802,0.040889328874284786,0.044884101548263125,24.53359732457087,0.040889328874284786,0.96,0.68,0.07500159804263085,1.0
hibrido_mb|gp,gp,SC480,0.8,27,,0.7856817497106858,0.013927827083600632,0.01648067932851253,0.019794242911081845,9.888407597107518,-0.014318250289314159,1.0,0.037037037037037035,0.08524251945182626,1.0
hibrido_mb|gp,gp,SC560,0.9333333333333333,32,,0.929781130761482,0.014975015885539903,0.010351222113620447,0.015161180593361096,6.210733268172268,-0.0035522025718513137,1.0,0.21875,0.08700200613974352,1.0
empilhado|media_3,media_3,SC80,0.13333333333333333,26,,0.09678909838095948,0.02079067250913133,0.03700514144572268,0.04184624346671285,22.203084867433606,-0.036544234952373855,0.9230769230769231,1.0,0.055168300837855455,0.8076923076923077
empilhado|media_3,media_3,SC160,0.26666666666666666,31,,0.22528304380831385,0.017205737368126438,0.04138362285835279,0.044711207160701476,24.83017371501167,-0.04138362285835279,0.9032258064516129,1.0,0.1057195851501007,1.0
empilhado|media_3,media_3,SC240,0.4,26,,0.44950337121059625,0.009385996009539004,0.04950337121059627,0.05035168655751547,29.70202272635776,0.04950337121059627,0.9615384615384616,0.0,0.060528714256877,0.8846153846153846
empilhado|media_3,media_3,SC320,0.5333333333333333,26,,0.5016562181406108,0.009910388278933412,0.03167711519272258,0.03313424047964636,19.006269115633547,-0.03167711519272258,1.0,0.15384615384615385,0.08231240860361744,1.0
empilhado|media_3,media_3,SC400,0.6666666666666666,25,,0.685492352709136,0.013395977190955729,0.020380569499961178,0.022949522253724798,12.228341699976706,0.018825686042469418,1.0,0.68,0.08191512823344121,1.0
empilhado|media_3,media_3,SC480,0.8,27,,0.776233894866145,0.010566526729009339,0.023766105133855044,0.025929596990404733,14.259663080313027,-0.023766105133855044,1.0,0.037037037037037035,0.0583475794319574,1.0
empilhado|media_3,media_3,SC560,0.9333333333333333,32,,0.9026128222446685,0.010730191545421621,0.03072051108866475,0.03248520864284108,18.43230665319885,-0.03072051108866475,1.0,0.21875,0.06958966205804178,1.0
empilhado|media_dino_mb,media_dino_mb,SC80,0.13333333333333333,26,,0.1598082715720663,0.023942282371669673,0.02799668915749739,0.0353851355974413,16.798013494498434,0.026474938238732995,0.8846153846153846,1.0,0.05408587317865571,0.8846153846153846
empilhado|media_dino_mb,media_dino_mb,SC160,0.26666666666666666,31,,0.2620681482799714,0.019873590647884222,0.017656513137811934,0.020083957383079644,10.59390788268716,-0.004598518386695251,1.0,1.0,0.06366802071727945,1.0
empilhado|media_dino_mb,media_dino_mb,SC240,0.4,26,,0.44303415242665634,0.012348005421427685,0.043034152426656425,0.044705113327950935,25.820491455993853,0.043034152426656425,1.0,0.0,0.037202606137603844,0.23076923076923078
empilhado|media_dino_mb,media_dino_mb,SC320,0.5333333333333333,26,,0.5071509835458,0.013063609546594782,0.026309606087045703,0.029148062879271023,15.785763652227422,-0.026182349787533254,1.0,0.15384615384615385,0.04703514279080828,0.9230769230769231
empilhado|media_dino_mb,media_dino_mb,SC400,0.6666666666666666,25,,0.6890552716562377,0.01815209369978602,0.024427127771637882,0.028593149508884575,14.656276662982728,0.022388604989571088,1.0,0.68,0.04550406567939436,0.92
empilhado|media_dino_mb,media_dino_mb,SC480,0.8,27,,0.80449732742451,0.014629660251487214,0.012361727297170506,0.015044134691867396,7.417036378302304,0.004497327424509947,1.0,0.037037037037037035,0.05258114029188021,1.0
empilhado|media_dino_mb,media_dino_mb,SC560,0.9333333333333333,32,,0.9144557933979138,0.015825816325245386,0.01981821680595225,0.024474296964877268,11.89093008357135,-0.018877539935419546,1.0,0.21875,0.04874284559940412,0.96875
