conjunto,regressor,campanha_retirada,tipo,condicao,alfa_real,n_teste,alfa_previsto_medio,mae_espiras,vies_espiras,fora_dominio_fracao
indicadores|ridge,ridge,A,extrapolacao,Healthy,0.0,22,0.19477008883761762,116.86205330257057,116.86205330257057,0.8181818181818182
indicadores|ridge,ridge,B,interpolacao,SC80,0.13333333333333333,26,0.0,80.0,-80.0,1.0
indicadores|ridge,ridge,B,interpolacao,SC160,0.26666666666666666,31,0.20235802753367083,38.58518347979747,-38.58518347979747,0.967741935483871
indicadores|ridge,ridge,C,interpolacao,SC240,0.4,26,0.5183958900387613,71.03753402325671,71.03753402325671,1.0
indicadores|ridge,ridge,C,interpolacao,SC320,0.5333333333333333,26,0.5854406079810416,31.264364788624963,31.264364788624963,1.0
indicadores|ridge,ridge,D,extrapolacao,SC400,0.6666666666666666,25,0.0,400.00000000000006,-400.00000000000006,1.0
indicadores|ridge,ridge,D,extrapolacao,SC480,0.8,27,0.0,480.0000000000001,-480.0000000000001,1.0
indicadores|ridge,ridge,D,extrapolacao,SC560,0.9333333333333333,32,0.0,560.0,-560.0,1.0
indicadores|ridge,ridge,D,extrapolacao,SC600,1.0,40,0.0,600.0,-600.0,1.0
indicadores|pls,pls,A,extrapolacao,Healthy,0.0,22,0.20428966427653414,122.57379856592048,122.57379856592048,0.8181818181818182
indicadores|pls,pls,B,interpolacao,SC80,0.13333333333333333,26,0.0,80.0,-80.0,1.0
indicadores|pls,pls,B,interpolacao,SC160,0.26666666666666666,31,0.1741137109934015,55.5317734039591,-55.5317734039591,0.967741935483871
indicadores|pls,pls,C,interpolacao,SC240,0.4,26,0.454746080529811,32.84764831788661,32.84764831788661,1.0
indicadores|pls,pls,C,interpolacao,SC320,0.5333333333333333,26,0.5434090864314609,11.246872773311285,6.045451858876559,1.0
indicadores|pls,pls,D,extrapolacao,SC400,0.6666666666666666,25,0.4295629401269289,142.26223592384258,-142.26223592384258,1.0
indicadores|pls,pls,D,extrapolacao,SC480,0.8,27,0.5440045430118752,153.59727419287492,-153.59727419287492,1.0
indicadores|pls,pls,D,extrapolacao,SC560,0.9333333333333333,32,0.6738407916076149,155.69552503543107,-155.69552503543107,1.0
indicadores|pls,pls,D,extrapolacao,SC600,1.0,40,0.7608452454158209,143.4928527505075,-143.4928527505075,1.0
indicadores|pca_ridge,pca_ridge,A,extrapolacao,Healthy,0.0,22,0.194938131676827,116.9628790060962,116.9628790060962,0.8181818181818182
indicadores|pca_ridge,pca_ridge,B,interpolacao,SC80,0.13333333333333333,26,0.0,80.0,-80.0,1.0
indicadores|pca_ridge,pca_ridge,B,interpolacao,SC160,0.26666666666666666,31,0.20242733954723616,38.5435962716583,-38.5435962716583,0.967741935483871
indicadores|pca_ridge,pca_ridge,C,interpolacao,SC240,0.4,26,0.5173057930485846,70.38347582915083,70.38347582915083,1.0
indicadores|pca_ridge,pca_ridge,C,interpolacao,SC320,0.5333333333333333,26,0.5843192517147849,30.591551028870928,30.591551028870928,1.0
indicadores|pca_ridge,pca_ridge,D,extrapolacao,SC400,0.6666666666666666,25,0.0,400.00000000000006,-400.00000000000006,1.0
indicadores|pca_ridge,pca_ridge,D,extrapolacao,SC480,0.8,27,0.0,480.0000000000001,-480.0000000000001,1.0
indicadores|pca_ridge,pca_ridge,D,extrapolacao,SC560,0.9333333333333333,32,0.0,560.0,-560.0,1.0
indicadores|pca_ridge,pca_ridge,D,extrapolacao,SC600,1.0,40,0.0,600.0,-600.0,1.0
indicadores|kernel_ridge,kernel_ridge,A,extrapolacao,Healthy,0.0,22,0.14538033134479333,87.228198806876,87.228198806876,0.8181818181818182
indicadores|kernel_ridge,kernel_ridge,B,interpolacao,SC80,0.13333333333333333,26,0.0013324507210277622,79.20052956738333,-79.20052956738333,1.0
indicadores|kernel_ridge,kernel_ridge,B,interpolacao,SC160,0.26666666666666666,31,0.20744335217570478,35.533988694577154,-35.533988694577154,0.967741935483871
indicadores|kernel_ridge,kernel_ridge,C,interpolacao,SC240,0.4,26,0.32152138854302087,47.08716687418752,-47.08716687418752,1.0
indicadores|kernel_ridge,kernel_ridge,C,interpolacao,SC320,0.5333333333333333,26,0.46308644585014036,42.1481324899158,-42.1481324899158,1.0
indicadores|kernel_ridge,kernel_ridge,D,extrapolacao,SC400,0.6666666666666666,25,0.0,400.00000000000006,-400.00000000000006,1.0
indicadores|kernel_ridge,kernel_ridge,D,extrapolacao,SC480,0.8,27,0.0,480.0000000000001,-480.0000000000001,1.0
indicadores|kernel_ridge,kernel_ridge,D,extrapolacao,SC560,0.9333333333333333,32,0.0,560.0,-560.0,1.0
indicadores|kernel_ridge,kernel_ridge,D,extrapolacao,SC600,1.0,40,0.0,600.0,-600.0,1.0
indicadores|svr,svr,A,extrapolacao,Healthy,0.0,22,0.3118603816739662,187.1162290043797,187.1162290043797,0.8181818181818182
indicadores|svr,svr,B,interpolacao,SC80,0.13333333333333333,26,0.26055689466301024,76.3341367978062,76.3341367978062,1.0
indicadores|svr,svr,B,interpolacao,SC160,0.26666666666666666,31,0.3109294656318951,30.52027962230143,26.557679379137095,0.967741935483871
indicadores|svr,svr,C,interpolacao,SC240,0.4,26,0.47395897730836534,44.37538638501916,44.37538638501916,1.0
indicadores|svr,svr,C,interpolacao,SC320,0.5333333333333333,26,0.5374810430795799,4.544502033282418,2.4886258477479464,1.0
indicadores|svr,svr,D,extrapolacao,SC400,0.6666666666666666,25,0.313065216491335,212.16087010519897,-212.16087010519897,1.0
indicadores|svr,svr,D,extrapolacao,SC480,0.8,27,0.313065216491335,292.1608701051991,-292.1608701051991,1.0
indicadores|svr,svr,D,extrapolacao,SC560,0.9333333333333333,32,0.313065216491335,372.160870105199,-372.160870105199,1.0
indicadores|svr,svr,D,extrapolacao,SC600,1.0,40,0.313065216491335,412.160870105199,-412.160870105199,1.0
indicadores|gp,gp,A,extrapolacao,Healthy,0.0,22,0.22522967542651975,135.13780525591184,135.13780525591184,0.8181818181818182
indicadores|gp,gp,B,interpolacao,SC80,0.13333333333333333,26,0.03608291118971559,58.35025328617064,-58.35025328617064,1.0
indicadores|gp,gp,B,interpolacao,SC160,0.26666666666666666,31,0.23750694123819352,19.550962136206593,-17.495835257083915,0.967741935483871
indicadores|gp,gp,C,interpolacao,SC240,0.4,26,0.42037475109669153,12.555202459730964,12.224850658014917,1.0
indicadores|gp,gp,C,interpolacao,SC320,0.5333333333333333,26,0.5043906368471529,17.365617891708247,-17.365617891708247,1.0
indicadores|gp,gp,D,extrapolacao,SC400,0.6666666666666666,25,0.2748091603053435,235.11450381679387,-235.11450381679387,1.0
indicadores|gp,gp,D,extrapolacao,SC480,0.8,27,0.2748091603053435,315.11450381679396,-315.11450381679396,1.0
indicadores|gp,gp,D,extrapolacao,SC560,0.9333333333333333,32,0.2748091603053435,395.1145038167939,-395.1145038167939,1.0
indicadores|gp,gp,D,extrapolacao,SC600,1.0,40,0.2748091603053435,435.1145038167939,-435.1145038167939,1.0
ind_invariantes|ridge,ridge,A,extrapolacao,Healthy,0.0,22,0.18063815053033347,108.38289031820008,108.38289031820008,1.0
ind_invariantes|ridge,ridge,B,interpolacao,SC80,0.13333333333333333,26,0.0,80.0,-80.0,1.0
ind_invariantes|ridge,ridge,B,interpolacao,SC160,0.26666666666666666,31,0.1845958879456338,49.24246723261969,-49.24246723261969,1.0
ind_invariantes|ridge,ridge,C,interpolacao,SC240,0.4,26,0.5174078111241455,70.4446866744873,70.4446866744873,1.0
ind_invariantes|ridge,ridge,C,interpolacao,SC320,0.5333333333333333,26,0.5927711574569267,35.66269447415599,35.66269447415599,1.0
ind_invariantes|ridge,ridge,D,extrapolacao,SC400,0.6666666666666666,25,0.3571058021318734,185.73651872087598,-185.73651872087598,1.0
ind_invariantes|ridge,ridge,D,extrapolacao,SC480,0.8,27,0.47317229829275537,196.0966210243468,-196.0966210243468,1.0
ind_invariantes|ridge,ridge,D,extrapolacao,SC560,0.9333333333333333,32,0.6479730007796578,171.21619953220537,-171.21619953220537,1.0
ind_invariantes|ridge,ridge,D,extrapolacao,SC600,1.0,40,0.7544586742661374,147.32479544031744,-147.32479544031744,1.0
ind_invariantes|pls,pls,A,extrapolacao,Healthy,0.0,22,0.17030932972516324,102.18559783509795,102.18559783509795,1.0
ind_invariantes|pls,pls,B,interpolacao,SC80,0.13333333333333333,26,0.0,80.0,-80.0,1.0
ind_invariantes|pls,pls,B,interpolacao,SC160,0.26666666666666666,31,0.17153264306552488,57.08041416068507,-57.08041416068507,1.0
ind_invariantes|pls,pls,C,interpolacao,SC240,0.4,26,0.4159037988469073,9.593058657475897,9.542279308144403,1.0
ind_invariantes|pls,pls,C,interpolacao,SC320,0.5333333333333333,26,0.5048398752787485,17.09607483275087,-17.09607483275087,1.0
ind_invariantes|pls,pls,D,extrapolacao,SC400,0.6666666666666666,25,0.0,400.00000000000006,-400.00000000000006,1.0
ind_invariantes|pls,pls,D,extrapolacao,SC480,0.8,27,0.0,480.0000000000001,-480.0000000000001,1.0
ind_invariantes|pls,pls,D,extrapolacao,SC560,0.9333333333333333,32,0.0,560.0,-560.0,1.0
ind_invariantes|pls,pls,D,extrapolacao,SC600,1.0,40,0.0,600.0,-600.0,1.0
ind_invariantes|pca_ridge,pca_ridge,A,extrapolacao,Healthy,0.0,22,0.18069555421045114,108.41733252627068,108.41733252627068,1.0
ind_invariantes|pca_ridge,pca_ridge,B,interpolacao,SC80,0.13333333333333333,26,0.0,80.0,-80.0,1.0
ind_invariantes|pca_ridge,pca_ridge,B,interpolacao,SC160,0.26666666666666666,31,0.2130159826450521,32.19041041296873,-32.19041041296873,1.0
ind_invariantes|pca_ridge,pca_ridge,C,interpolacao,SC240,0.4,26,0.5177743665965694,70.66461995794162,70.66461995794162,1.0
ind_invariantes|pca_ridge,pca_ridge,C,interpolacao,SC320,0.5333333333333333,26,0.593126808515647,35.87608510938822,35.87608510938822,1.0
ind_invariantes|pca_ridge,pca_ridge,D,extrapolacao,SC400,0.6666666666666666,25,0.0,400.00000000000006,-400.00000000000006,1.0
ind_invariantes|pca_ridge,pca_ridge,D,extrapolacao,SC480,0.8,27,0.0,480.0000000000001,-480.0000000000001,1.0
ind_invariantes|pca_ridge,pca_ridge,D,extrapolacao,SC560,0.9333333333333333,32,0.0,560.0,-560.0,1.0
ind_invariantes|pca_ridge,pca_ridge,D,extrapolacao,SC600,1.0,40,0.0,600.0,-600.0,1.0
ind_invariantes|kernel_ridge,kernel_ridge,A,extrapolacao,Healthy,0.0,22,0.1394226980584183,83.65361883505099,83.65361883505099,1.0
ind_invariantes|kernel_ridge,kernel_ridge,B,interpolacao,SC80,0.13333333333333333,26,0.004762558920434334,77.14246464773939,-77.14246464773939,1.0
ind_invariantes|kernel_ridge,kernel_ridge,B,interpolacao,SC160,0.26666666666666666,31,0.19941548630109013,40.35070821934595,-40.35070821934595,1.0
ind_invariantes|kernel_ridge,kernel_ridge,C,interpolacao,SC240,0.4,26,0.3251587699689481,44.904738018631186,-44.904738018631186,1.0
ind_invariantes|kernel_ridge,kernel_ridge,C,interpolacao,SC320,0.5333333333333333,26,0.46306401134061864,42.16159319562885,-42.16159319562885,1.0
ind_invariantes|kernel_ridge,kernel_ridge,D,extrapolacao,SC400,0.6666666666666666,25,0.0,400.00000000000006,-400.00000000000006,1.0
ind_invariantes|kernel_ridge,kernel_ridge,D,extrapolacao,SC480,0.8,27,0.0,480.0000000000001,-480.0000000000001,1.0
ind_invariantes|kernel_ridge,kernel_ridge,D,extrapolacao,SC560,0.9333333333333333,32,0.0,560.0,-560.0,1.0
ind_invariantes|kernel_ridge,kernel_ridge,D,extrapolacao,SC600,1.0,40,0.0,600.0,-600.0,1.0
ind_invariantes|svr,svr,A,extrapolacao,Healthy,0.0,22,0.24451370046955623,146.70822028173373,146.70822028173373,1.0
ind_invariantes|svr,svr,B,interpolacao,SC80,0.13333333333333333,26,0.2532914832633416,71.97488995800497,71.97488995800497,1.0
ind_invariantes|svr,svr,B,interpolacao,SC160,0.26666666666666666,31,0.2889060715291448,21.69447052262715,13.343642917486886,1.0
ind_invariantes|svr,svr,C,interpolacao,SC240,0.4,26,0.4932793886343533,55.96763318061195,55.96763318061195,1.0
ind_invariantes|svr,svr,C,interpolacao,SC320,0.5333333333333333,26,0.5422734597357357,6.163745099556643,5.364075841441391,1.0
ind_invariantes|svr,svr,D,extrapolacao,SC400,0.6666666666666666,25,0.30615535866297144,216.30678480221707,-216.30678480221707,1.0
ind_invariantes|svr,svr,D,extrapolacao,SC480,0.8,27,0.30615535866297144,296.3067848022172,-296.3067848022172,1.0
ind_invariantes|svr,svr,D,extrapolacao,SC560,0.9333333333333333,32,0.30615535866297144,376.3067848022171,-376.3067848022171,1.0
ind_invariantes|svr,svr,D,extrapolacao,SC600,1.0,40,0.30615535866297144,416.3067848022171,-416.3067848022171,1.0
ind_invariantes|gp,gp,A,extrapolacao,Healthy,0.0,22,0.17257866875409067,103.5472012524544,103.5472012524544,1.0
ind_invariantes|gp,gp,B,interpolacao,SC80,0.13333333333333333,26,0.1441083531244893,11.710958121486238,6.465011874693572,1.0
ind_invariantes|gp,gp,B,interpolacao,SC160,0.26666666666666666,31,0.27616303997596064,18.781169717479465,5.697823985576397,1.0
ind_invariantes|gp,gp,C,interpolacao,SC240,0.4,26,0.4415289986092418,24.917399165545056,24.917399165545056,1.0
ind_invariantes|gp,gp,C,interpolacao,SC320,0.5333333333333333,26,0.5127848466444394,12.672907903009712,-12.329092013336364,1.0
ind_invariantes|gp,gp,D,extrapolacao,SC400,0.6666666666666666,25,0.2748091603053435,235.11450381679387,-235.11450381679387,1.0
ind_invariantes|gp,gp,D,extrapolacao,SC480,0.8,27,0.2748091603053435,315.11450381679396,-315.11450381679396,1.0
ind_invariantes|gp,gp,D,extrapolacao,SC560,0.9333333333333333,32,0.2748091603053435,395.1145038167939,-395.1145038167939,1.0
ind_invariantes|gp,gp,D,extrapolacao,SC600,1.0,40,0.2748091603053435,435.1145038167939,-435.1145038167939,1.0
mobilenet|ridge,ridge,A,extrapolacao,Healthy,0.0,22,0.3027150332927704,181.62902322682467,181.62902322682467,1.0
mobilenet|ridge,ridge,B,interpolacao,SC80,0.13333333333333333,26,0.04272406920790672,54.3655603665572,-54.3655603665572,1.0
mobilenet|ridge,ridge,B,interpolacao,SC160,0.26666666666666666,31,0.2021690011024475,38.69859645443577,-38.69859645443577,1.0
mobilenet|ridge,ridge,C,interpolacao,SC240,0.4,26,0.39591294527053833,10.38050995423244,-2.452240402881929,1.0
mobilenet|ridge,ridge,C,interpolacao,SC320,0.5333333333333333,26,0.48767104744911194,27.397359151106606,-27.397359151106606,1.0
mobilenet|ridge,ridge,D,extrapolacao,SC400,0.6666666666666666,25,0.6098932027816772,34.064075469970675,-34.064075469970675,1.0
mobilenet|ridge,ridge,D,extrapolacao,SC480,0.8,27,0.6804406642913818,71.735577583313,-71.735577583313,1.0
mobilenet|ridge,ridge,D,extrapolacao,SC560,0.9333333333333333,32,0.6905982494354248,145.64104810357094,-145.64104810357094,1.0
mobilenet|ridge,ridge,D,extrapolacao,SC600,1.0,40,0.6753181219100952,194.80911701917648,-194.80911701917648,1.0
mobilenet|pls,pls,A,extrapolacao,Healthy,0.0,22,0.26745760642007405,160.47456385204444,160.47456385204444,1.0
mobilenet|pls,pls,B,interpolacao,SC80,0.13333333333333333,26,0.054481334076345686,47.3111995541926,-47.3111995541926,1.0
mobilenet|pls,pls,B,interpolacao,SC160,0.26666666666666666,31,0.2026245443673684,38.42527337957895,-38.42527337957895,1.0
mobilenet|pls,pls,C,interpolacao,SC240,0.4,26,0.4117243146713684,15.795133889420839,7.034588802821022,1.0
mobilenet|pls,pls,C,interpolacao,SC320,0.5333333333333333,26,0.4944550551184929,25.97249051385189,-23.326966928904262,1.0
mobilenet|pls,pls,D,extrapolacao,SC400,0.6666666666666666,25,0.6058764627656398,36.47412234061617,-36.47412234061617,1.0
mobilenet|pls,pls,D,extrapolacao,SC480,0.8,27,0.7005875375382663,59.647477477040304,-59.647477477040304,1.0
mobilenet|pls,pls,D,extrapolacao,SC560,0.9333333333333333,32,0.7143631202330691,131.38212786015853,-131.38212786015853,1.0
mobilenet|pls,pls,D,extrapolacao,SC600,1.0,40,0.7010590123415368,179.36459259507797,-179.36459259507797,1.0
mobilenet|pca_ridge,pca_ridge,A,extrapolacao,Healthy,0.0,22,0.2552530765533447,153.1518670645627,153.1518670645627,1.0
mobilenet|pca_ridge,pca_ridge,B,interpolacao,SC80,0.13333333333333333,26,0.022781457751989365,66.33112586461581,-66.33112586461581,1.0
mobilenet|pca_ridge,pca_ridge,B,interpolacao,SC160,0.26666666666666666,31,0.17561064660549164,54.633614055572004,-54.633614055572004,1.0
mobilenet|pca_ridge,pca_ridge,C,interpolacao,SC240,0.4,26,0.4149559736251831,15.110991597175593,8.97359449129837,1.0
mobilenet|pca_ridge,pca_ridge,C,interpolacao,SC320,0.5333333333333333,26,0.49753159284591675,22.77354836463928,-21.48102366007291,1.0
mobilenet|pca_ridge,pca_ridge,D,extrapolacao,SC400,0.6666666666666666,25,0.6361814737319946,18.699506282806375,-18.29110860824583,1.0
mobilenet|pca_ridge,pca_ridge,D,extrapolacao,SC480,0.8,27,0.6442749500274658,93.43503660625882,-93.43503660625882,1.0
mobilenet|pca_ridge,pca_ridge,D,extrapolacao,SC560,0.9333333333333333,32,0.6393731832504272,176.37610681355,-176.37610681355,1.0
mobilenet|pca_ridge,pca_ridge,D,extrapolacao,SC600,1.0,40,0.620263934135437,227.84165292978287,-227.84165292978287,1.0
mobilenet|kernel_ridge,kernel_ridge,A,extrapolacao,Healthy,0.0,22,0.11301338641109583,67.8080318466575,67.8080318466575,1.0
mobilenet|kernel_ridge,kernel_ridge,B,interpolacao,SC80,0.13333333333333333,26,0.00792695330874199,75.24382801475481,-75.24382801475481,1.0
mobilenet|kernel_ridge,kernel_ridge,B,interpolacao,SC160,0.26666666666666666,31,0.06674387155420086,119.95367706747948,-119.95367706747948,1.0
mobilenet|kernel_ridge,kernel_ridge,C,interpolacao,SC240,0.4,26,0.21205470387716904,112.76717767369863,-112.76717767369863,1.0
mobilenet|kernel_ridge,kernel_ridge,C,interpolacao,SC320,0.5333333333333333,26,0.30985117799621953,134.08929320226827,-134.08929320226827,1.0
mobilenet|kernel_ridge,kernel_ridge,D,extrapolacao,SC400,0.6666666666666666,25,0.08060288429141518,351.6382694251509,-351.6382694251509,1.0
mobilenet|kernel_ridge,kernel_ridge,D,extrapolacao,SC480,0.8,27,0.007793552584090514,475.3238684495456,-475.3238684495456,1.0
mobilenet|kernel_ridge,kernel_ridge,D,extrapolacao,SC560,0.9333333333333333,32,0.00014022993526159022,559.9158620388431,-559.9158620388431,1.0
mobilenet|kernel_ridge,kernel_ridge,D,extrapolacao,SC600,1.0,40,2.394498284368567e-05,599.9856330102938,-599.9856330102938,1.0
mobilenet|svr,svr,A,extrapolacao,Healthy,0.0,22,0.46014167583124477,276.08500549874685,276.08500549874685,1.0
mobilenet|svr,svr,B,interpolacao,SC80,0.13333333333333333,26,0.45434529573160265,192.6071774389616,192.6071774389616,1.0
mobilenet|svr,svr,B,interpolacao,SC160,0.26666666666666666,31,0.474147185619712,124.48831137182714,124.48831137182714,1.0
mobilenet|svr,svr,C,interpolacao,SC240,0.4,26,0.4935009410353098,56.10056462118583,56.10056462118583,1.0
mobilenet|svr,svr,C,interpolacao,SC320,0.5333333333333333,26,0.5303380964922773,6.213681396059634,-1.7971421046336167,1.0
mobilenet|svr,svr,D,extrapolacao,SC400,0.6666666666666666,25,0.3269242475072663,203.84545149564022,-203.84545149564022,1.0
mobilenet|svr,svr,D,extrapolacao,SC480,0.8,27,0.2916876668767037,304.9873998739778,-304.9873998739778,1.0
mobilenet|svr,svr,D,extrapolacao,SC560,0.9333333333333333,32,0.28804381894608166,387.173708632351,-387.173708632351,1.0
mobilenet|svr,svr,D,extrapolacao,SC600,1.0,40,0.2879910111193915,427.205393328365,-427.205393328365,1.0
mobilenet|gp,gp,A,extrapolacao,Healthy,0.0,22,0.32261713414561227,193.57028048736737,193.57028048736737,1.0
mobilenet|gp,gp,B,interpolacao,SC80,0.13333333333333333,26,0.13549965428989832,9.499609798651667,1.2997925739389895,1.0
mobilenet|gp,gp,B,interpolacao,SC160,0.26666666666666666,31,0.23179408644577085,22.3013861872134,-20.923548132537498,1.0
mobilenet|gp,gp,C,interpolacao,SC240,0.4,26,0.501479563222817,60.88773793369014,60.88773793369014,1.0
mobilenet|gp,gp,C,interpolacao,SC320,0.5333333333333333,26,0.5761238619726556,25.674317183593423,25.674317183593423,1.0
mobilenet|gp,gp,D,extrapolacao,SC400,0.6666666666666666,25,0.5440947505538124,73.54314966771257,-73.54314966771257,1.0
mobilenet|gp,gp,D,extrapolacao,SC480,0.8,27,0.5306466714684654,161.61199711892075,-161.61199711892075,1.0
mobilenet|gp,gp,D,extrapolacao,SC560,0.9333333333333333,32,0.465516648094499,280.69001114330064,-280.69001114330064,1.0
mobilenet|gp,gp,D,extrapolacao,SC600,1.0,40,0.4292300422221881,342.4619746666871,-342.4619746666871,1.0
dinov2|ridge,ridge,A,extrapolacao,Healthy,0.0,22,0.2923162281513214,175.3897352652116,175.3897352652116,1.0
dinov2|ridge,ridge,B,interpolacao,SC80,0.13333333333333333,26,0.11130202561616898,23.576030318553634,-13.218780159950253,1.0
dinov2|ridge,ridge,B,interpolacao,SC160,0.26666666666666666,31,0.25725677609443665,23.370584710951782,-5.6459493406357275,1.0
dinov2|ridge,ridge,C,interpolacao,SC240,0.4,26,0.5235006213188171,74.10035422215094,74.10035422215094,0.3076923076923077
dinov2|ridge,ridge,C,interpolacao,SC320,0.5333333333333333,26,0.6004475355148315,40.26853231283335,40.26853231283335,0.11538461538461539
dinov2|ridge,ridge,D,extrapolacao,SC400,0.6666666666666666,25,0.5298793911933899,82.07235240936278,-82.07235240936278,0.28
dinov2|ridge,ridge,D,extrapolacao,SC480,0.8,27,0.5488846898078918,150.66916624705,-150.66916624705,0.0
dinov2|ridge,ridge,D,extrapolacao,SC560,0.9333333333333333,32,0.5582870244979858,225.02777244895697,-225.02777244895697,0.53125
dinov2|ridge,ridge,D,extrapolacao,SC600,1.0,40,0.5411941409111023,275.28349354863167,-275.28349354863167,0.9
dinov2|pls,pls,A,extrapolacao,Healthy,0.0,22,0.3084440694947153,185.06644169682917,185.06644169682917,1.0
dinov2|pls,pls,B,interpolacao,SC80,0.13333333333333333,26,0.019995047668184704,68.00297139908919,-68.00297139908919,1.0
dinov2|pls,pls,B,interpolacao,SC160,0.26666666666666666,31,0.20241427149970337,41.49027053476356,-38.55143710017799,1.0
dinov2|pls,pls,C,interpolacao,SC240,0.4,26,0.5380963386794254,82.8578032076552,82.8578032076552,0.3076923076923077
dinov2|pls,pls,C,interpolacao,SC320,0.5333333333333333,26,0.610319527201362,46.19171632081717,46.19171632081717,0.11538461538461539
dinov2|pls,pls,D,extrapolacao,SC400,0.6666666666666666,25,0.45869389429879276,124.7836634207243,-124.7836634207243,0.28
dinov2|pls,pls,D,extrapolacao,SC480,0.8,27,0.5055160654746454,176.6903607152127,-176.6903607152127,0.0
dinov2|pls,pls,D,extrapolacao,SC560,0.9333333333333333,32,0.5507539126543559,229.54765240738647,-229.54765240738647,0.53125
dinov2|pls,pls,D,extrapolacao,SC600,1.0,40,0.5281349865400367,283.11900807597806,-283.11900807597806,0.9
dinov2|pca_ridge,pca_ridge,A,extrapolacao,Healthy,0.0,22,0.30877459049224854,185.2647616104646,185.2647616104646,1.0
dinov2|pca_ridge,pca_ridge,B,interpolacao,SC80,0.13333333333333333,26,0.02719903364777565,63.68057929552519,-63.68057929552519,1.0
dinov2|pca_ridge,pca_ridge,B,interpolacao,SC160,0.26666666666666666,31,0.2284897267818451,32.20179557800292,-22.90617027590351,1.0
dinov2|pca_ridge,pca_ridge,C,interpolacao,SC240,0.4,26,0.5515631437301636,90.93790480723747,90.93790480723747,0.3076923076923077
dinov2|pca_ridge,pca_ridge,C,interpolacao,SC320,0.5333333333333333,26,0.634616494178772,60.7699006337386,60.7699006337386,0.11538461538461539
dinov2|pca_ridge,pca_ridge,D,extrapolacao,SC400,0.6666666666666666,25,0.5279292464256287,83.24241995811461,-83.24241995811461,0.28
dinov2|pca_ridge,pca_ridge,D,extrapolacao,SC480,0.8,27,0.5388533473014832,156.68797042634753,-156.68797042634753,0.0
dinov2|pca_ridge,pca_ridge,D,extrapolacao,SC560,0.9333333333333333,32,0.5397143959999084,236.1713707819581,-236.1713707819581,0.53125
dinov2|pca_ridge,pca_ridge,D,extrapolacao,SC600,1.0,40,0.5204817056655884,287.71100252866745,-287.71100252866745,0.9
dinov2|kernel_ridge,kernel_ridge,A,extrapolacao,Healthy,0.0,22,0.08861402103996525,53.16841262397915,53.16841262397915,1.0
dinov2|kernel_ridge,kernel_ridge,B,interpolacao,SC80,0.13333333333333333,26,0.0067705039160606655,75.93769765036359,-75.93769765036359,1.0
dinov2|kernel_ridge,kernel_ridge,B,interpolacao,SC160,0.26666666666666666,31,0.09347675388392922,103.9139476696425,-103.9139476696425,1.0
dinov2|kernel_ridge,kernel_ridge,C,interpolacao,SC240,0.4,26,0.4329103734335852,34.70497160006015,19.746224060151125,0.3076923076923077
dinov2|kernel_ridge,kernel_ridge,C,interpolacao,SC320,0.5333333333333333,26,0.5676255638664255,39.25439785462671,20.57533831985527,0.11538461538461539
dinov2|kernel_ridge,kernel_ridge,D,extrapolacao,SC400,0.6666666666666666,25,0.24743110231028248,251.54133861383045,-251.54133861383045,0.28
dinov2|kernel_ridge,kernel_ridge,D,extrapolacao,SC480,0.8,27,0.2822445013322717,310.653299200637,-310.653299200637,0.0
dinov2|kernel_ridge,kernel_ridge,D,extrapolacao,SC560,0.9333333333333333,32,0.18595179539553897,448.4289227626766,-448.4289227626766,0.53125
dinov2|kernel_ridge,kernel_ridge,D,extrapolacao,SC600,1.0,40,0.14909269999858768,510.54438000084735,-510.54438000084735,0.9
dinov2|svr,svr,A,extrapolacao,Healthy,0.0,22,0.4542125211513199,272.5275126907919,272.5275126907919,1.0
dinov2|svr,svr,B,interpolacao,SC80,0.13333333333333333,26,0.5285729118804146,237.14374712824875,237.14374712824875,1.0
dinov2|svr,svr,B,interpolacao,SC160,0.26666666666666666,31,0.4683888456467299,121.03330738803787,121.03330738803787,1.0
dinov2|svr,svr,C,interpolacao,SC240,0.4,26,0.5111174636337115,66.67047818022684,66.67047818022684,0.3076923076923077
dinov2|svr,svr,C,interpolacao,SC320,0.5333333333333333,26,0.618370804690718,51.27972987803163,51.022482814430774,0.11538461538461539
dinov2|svr,svr,D,extrapolacao,SC400,0.6666666666666666,25,0.35258782730034793,188.44730361979126,-188.44730361979126,0.28
dinov2|svr,svr,D,extrapolacao,SC480,0.8,27,0.3828371274116172,250.29772355302975,-250.29772355302975,0.0
dinov2|svr,svr,D,extrapolacao,SC560,0.9333333333333333,32,0.32912727073177395,362.52363756093564,-362.52363756093564,0.53125
dinov2|svr,svr,D,extrapolacao,SC600,1.0,40,0.3024690413202945,418.51857520782335,-418.51857520782335,0.9
dinov2|gp,gp,A,extrapolacao,Healthy,0.0,22,0.33109309717534646,198.6558583052079,198.6558583052079,1.0
dinov2|gp,gp,B,interpolacao,SC80,0.13333333333333333,26,0.2856702951502045,91.4021770901227,91.4021770901227,1.0
dinov2|gp,gp,B,interpolacao,SC160,0.26666666666666666,31,0.27756522446518633,19.865444097778305,6.53913467911175,1.0
dinov2|gp,gp,C,interpolacao,SC240,0.4,26,0.5789433947175907,107.36603683055439,107.36603683055439,0.3076923076923077
dinov2|gp,gp,C,interpolacao,SC320,0.5333333333333333,26,0.6559191278435273,73.55147670611643,73.55147670611643,0.11538461538461539
dinov2|gp,gp,D,extrapolacao,SC400,0.6666666666666666,25,0.4883219645812482,107.00682125125107,-107.00682125125107,0.28
dinov2|gp,gp,D,extrapolacao,SC480,0.8,27,0.5181691129876568,169.09853220740592,-169.09853220740592,0.0
dinov2|gp,gp,D,extrapolacao,SC560,0.9333333333333333,32,0.5020936479366646,258.7438112380013,-258.7438112380013,0.53125
dinov2|gp,gp,D,extrapolacao,SC600,1.0,40,0.4741144015157735,315.5313590905359,-315.5313590905359,0.9
hibrido|ridge,ridge,A,extrapolacao,Healthy,0.0,22,0.2721137644199621,163.26825865197725,163.26825865197725,1.0
hibrido|ridge,ridge,B,interpolacao,SC80,0.13333333333333333,26,0.0630448025665251,42.17311846008494,-42.17311846008494,1.0
hibrido|ridge,ridge,B,interpolacao,SC160,0.26666666666666666,31,0.24761358125941615,16.250374404437526,-11.431851244350314,1.0
hibrido|ridge,ridge,C,interpolacao,SC240,0.4,26,0.4898889646090956,53.933378765457334,53.933378765457334,0.46153846153846156
hibrido|ridge,ridge,C,interpolacao,SC320,0.5333333333333333,26,0.5755130542154863,25.307832529291748,25.307832529291748,0.15384615384615385
hibrido|ridge,ridge,D,extrapolacao,SC400,0.6666666666666666,25,0.0,400.00000000000006,-400.00000000000006,1.0
hibrido|ridge,ridge,D,extrapolacao,SC480,0.8,27,0.0,480.0000000000001,-480.0000000000001,1.0
hibrido|ridge,ridge,D,extrapolacao,SC560,0.9333333333333333,32,0.0,560.0,-560.0,1.0
hibrido|ridge,ridge,D,extrapolacao,SC600,1.0,40,0.0,600.0,-600.0,1.0
hibrido|pls,pls,A,extrapolacao,Healthy,0.0,22,0.27176714126841756,163.06028476105053,163.06028476105053,1.0
hibrido|pls,pls,B,interpolacao,SC80,0.13333333333333333,26,0.0243701655290316,65.37790068258103,-65.37790068258103,1.0
hibrido|pls,pls,B,interpolacao,SC160,0.26666666666666666,31,0.20301926448211424,38.97900854792583,-38.188441310731456,1.0
hibrido|pls,pls,C,interpolacao,SC240,0.4,26,0.4870642630924707,52.23855785548242,52.23855785548242,0.46153846153846156
hibrido|pls,pls,C,interpolacao,SC320,0.5333333333333333,26,0.5713004330728457,22.834860055108447,22.780259843707448,0.15384615384615385
hibrido|pls,pls,D,extrapolacao,SC400,0.6666666666666666,25,0.0,400.00000000000006,-400.00000000000006,1.0
hibrido|pls,pls,D,extrapolacao,SC480,0.8,27,0.0,480.0000000000001,-480.0000000000001,1.0
hibrido|pls,pls,D,extrapolacao,SC560,0.9333333333333333,32,0.0,560.0,-560.0,1.0
hibrido|pls,pls,D,extrapolacao,SC600,1.0,40,0.0,600.0,-600.0,1.0
hibrido|pca_ridge,pca_ridge,A,extrapolacao,Healthy,0.0,22,0.239995398383651,143.9972390301906,143.9972390301906,1.0
hibrido|pca_ridge,pca_ridge,B,interpolacao,SC80,0.13333333333333333,26,0.03185349334659729,60.887903992041636,-60.887903992041636,1.0
hibrido|pca_ridge,pca_ridge,B,interpolacao,SC160,0.26666666666666666,31,0.23486078497357304,23.98384887312752,-19.08352901585618,1.0
hibrido|pca_ridge,pca_ridge,C,interpolacao,SC240,0.4,26,0.5220329323384335,73.21975940306008,73.21975940306008,0.46153846153846156
hibrido|pca_ridge,pca_ridge,C,interpolacao,SC320,0.5333333333333333,26,0.6071650286716743,44.29901720300459,44.29901720300459,0.15384615384615385
hibrido|pca_ridge,pca_ridge,D,extrapolacao,SC400,0.6666666666666666,25,1.0,200.00000000000003,200.00000000000003,1.0
hibrido|pca_ridge,pca_ridge,D,extrapolacao,SC480,0.8,27,1.0,119.99999999999999,119.99999999999999,1.0
hibrido|pca_ridge,pca_ridge,D,extrapolacao,SC560,0.9333333333333333,32,1.0,39.99999999999999,39.99999999999999,1.0
hibrido|pca_ridge,pca_ridge,D,extrapolacao,SC600,1.0,40,1.0,0.0,0.0,1.0
hibrido|kernel_ridge,kernel_ridge,A,extrapolacao,Healthy,0.0,22,0.08478562890039468,50.871377340236805,50.871377340236805,1.0
hibrido|kernel_ridge,kernel_ridge,B,interpolacao,SC80,0.13333333333333333,26,0.007183191935506484,75.69008483869611,-75.69008483869611,1.0
hibrido|kernel_ridge,kernel_ridge,B,interpolacao,SC160,0.26666666666666666,31,0.10114747397485796,99.31151561508526,-99.31151561508526,1.0
hibrido|kernel_ridge,kernel_ridge,C,interpolacao,SC240,0.4,26,0.40060294639217775,24.176520255804526,0.36176783530663414,0.46153846153846156
hibrido|kernel_ridge,kernel_ridge,C,interpolacao,SC320,0.5333333333333333,26,0.5398894241955816,27.968264709189665,3.933654517348976,0.15384615384615385
hibrido|kernel_ridge,kernel_ridge,D,extrapolacao,SC400,0.6666666666666666,25,0.0,400.00000000000006,-400.00000000000006,1.0
hibrido|kernel_ridge,kernel_ridge,D,extrapolacao,SC480,0.8,27,0.0,480.0000000000001,-480.0000000000001,1.0
hibrido|kernel_ridge,kernel_ridge,D,extrapolacao,SC560,0.9333333333333333,32,0.0,560.0,-560.0,1.0
hibrido|kernel_ridge,kernel_ridge,D,extrapolacao,SC600,1.0,40,0.0,600.0,-600.0,1.0
hibrido|svr,svr,A,extrapolacao,Healthy,0.0,22,0.4588726353490901,275.32358120945406,275.32358120945406,1.0
hibrido|svr,svr,B,interpolacao,SC80,0.13333333333333333,26,0.5328448569258127,239.70691415548765,239.70691415548765,1.0
hibrido|svr,svr,B,interpolacao,SC160,0.26666666666666666,31,0.4657582761767126,119.4549657060276,119.4549657060276,1.0
hibrido|svr,svr,C,interpolacao,SC240,0.4,26,0.49014652134494113,54.08791280696469,54.08791280696469,0.46153846153846156
hibrido|svr,svr,C,interpolacao,SC320,0.5333333333333333,26,0.5968949377129182,38.757005260528636,38.136962627751,0.15384615384615385
hibrido|svr,svr,D,extrapolacao,SC400,0.6666666666666666,25,0.22477868325245393,265.1327900485277,-265.1327900485277,1.0
hibrido|svr,svr,D,extrapolacao,SC480,0.8,27,0.22477868325245395,345.1327900485277,-345.1327900485277,1.0
hibrido|svr,svr,D,extrapolacao,SC560,0.9333333333333333,32,0.2247786832524539,425.1327900485277,-425.1327900485277,1.0
hibrido|svr,svr,D,extrapolacao,SC600,1.0,40,0.22477868325245393,465.1327900485277,-465.1327900485277,1.0
hibrido|gp,gp,A,extrapolacao,Healthy,0.0,22,0.31231793633149596,187.39076179889759,187.39076179889759,1.0
hibrido|gp,gp,B,interpolacao,SC80,0.13333333333333333,26,0.21241111905011106,47.44667143006666,47.44667143006666,1.0
hibrido|gp,gp,B,interpolacao,SC160,0.26666666666666666,31,0.2521355399400035,19.736556883963253,-8.71867603599792,1.0
hibrido|gp,gp,C,interpolacao,SC240,0.4,26,0.5304673713398217,78.28042280389302,78.28042280389302,0.46153846153846156
hibrido|gp,gp,C,interpolacao,SC320,0.5333333333333333,26,0.6257416689218375,55.445001353102434,55.445001353102434,0.15384615384615385
hibrido|gp,gp,D,extrapolacao,SC400,0.6666666666666666,25,0.2748091603053435,235.11450381679387,-235.11450381679387,1.0
hibrido|gp,gp,D,extrapolacao,SC480,0.8,27,0.2748091603053435,315.11450381679396,-315.11450381679396,1.0
hibrido|gp,gp,D,extrapolacao,SC560,0.9333333333333333,32,0.2748091603053435,395.1145038167939,-395.1145038167939,1.0
hibrido|gp,gp,D,extrapolacao,SC600,1.0,40,0.2748091603053435,435.1145038167939,-435.1145038167939,1.0
hibrido_inv|ridge,ridge,A,extrapolacao,Healthy,0.0,22,0.2629705628056445,157.78233768338671,157.78233768338671,1.0
hibrido_inv|ridge,ridge,B,interpolacao,SC80,0.13333333333333333,26,0.0688281377921491,38.70311732471054,-38.70311732471054,1.0
hibrido_inv|ridge,ridge,B,interpolacao,SC160,0.26666666666666666,31,0.24179716130894566,17.79457516224811,-14.921703214632599,1.0
hibrido_inv|ridge,ridge,C,interpolacao,SC240,0.4,26,0.49008924991884417,54.0535499513065,54.0535499513065,0.4230769230769231
hibrido_inv|ridge,ridge,C,interpolacao,SC320,0.5333333333333333,26,0.572888118914959,23.807594681016017,23.73287134897539,0.15384615384615385
hibrido_inv|ridge,ridge,D,extrapolacao,SC400,0.6666666666666666,25,0.0,400.00000000000006,-400.00000000000006,1.0
hibrido_inv|ridge,ridge,D,extrapolacao,SC480,0.8,27,0.0,480.0000000000001,-480.0000000000001,1.0
hibrido_inv|ridge,ridge,D,extrapolacao,SC560,0.9333333333333333,32,0.0,560.0,-560.0,1.0
hibrido_inv|ridge,ridge,D,extrapolacao,SC600,1.0,40,0.0003623342318564343,599.782599460886,-599.782599460886,1.0
hibrido_inv|pls,pls,A,extrapolacao,Healthy,0.0,22,0.2536582363897513,152.1949418338508,152.1949418338508,1.0
hibrido_inv|pls,pls,B,interpolacao,SC80,0.13333333333333333,26,0.07282405904225767,36.305564574645395,-36.305564574645395,1.0
hibrido_inv|pls,pls,B,interpolacao,SC160,0.26666666666666666,31,0.2454868449574438,16.910630633398412,-12.707893025533707,1.0
hibrido_inv|pls,pls,C,interpolacao,SC240,0.4,26,0.48684108558369776,52.10465135021865,52.10465135021865,0.4230769230769231
hibrido_inv|pls,pls,C,interpolacao,SC320,0.5333333333333333,26,0.5677614803344836,20.97087547492045,20.65688820069019,0.15384615384615385
hibrido_inv|pls,pls,D,extrapolacao,SC400,0.6666666666666666,25,0.0,400.00000000000006,-400.00000000000006,1.0
hibrido_inv|pls,pls,D,extrapolacao,SC480,0.8,27,0.0,480.0000000000001,-480.0000000000001,1.0
hibrido_inv|pls,pls,D,extrapolacao,SC560,0.9333333333333333,32,0.029463684107761255,542.3217895353432,-542.3217895353432,1.0
hibrido_inv|pls,pls,D,extrapolacao,SC600,1.0,40,0.1280331162487811,523.1801302507313,-523.1801302507313,1.0
hibrido_inv|pca_ridge,pca_ridge,A,extrapolacao,Healthy,0.0,22,0.23528447752641296,141.17068651584776,141.17068651584776,1.0
hibrido_inv|pca_ridge,pca_ridge,B,interpolacao,SC80,0.13333333333333333,26,0.03917215556574009,56.49670666055595,-56.49670666055595,1.0
hibrido_inv|pca_ridge,pca_ridge,B,interpolacao,SC160,0.26666666666666666,31,0.23082143818987777,25.571849462643257,-21.50713708607333,1.0
hibrido_inv|pca_ridge,pca_ridge,C,interpolacao,SC240,0.4,26,0.5205716381111464,72.34298286668786,72.34298286668786,0.4230769230769231
hibrido_inv|pca_ridge,pca_ridge,C,interpolacao,SC320,0.5333333333333333,26,0.6045511540471982,42.730692428318896,42.730692428318896,0.15384615384615385
hibrido_inv|pca_ridge,pca_ridge,D,extrapolacao,SC400,0.6666666666666666,25,1.0,200.00000000000003,200.00000000000003,1.0
hibrido_inv|pca_ridge,pca_ridge,D,extrapolacao,SC480,0.8,27,1.0,119.99999999999999,119.99999999999999,1.0
hibrido_inv|pca_ridge,pca_ridge,D,extrapolacao,SC560,0.9333333333333333,32,1.0,39.99999999999999,39.99999999999999,1.0
hibrido_inv|pca_ridge,pca_ridge,D,extrapolacao,SC600,1.0,40,1.0,0.0,0.0,1.0
hibrido_inv|kernel_ridge,kernel_ridge,A,extrapolacao,Healthy,0.0,22,0.08747049259093652,52.48229555456191,52.48229555456191,1.0
hibrido_inv|kernel_ridge,kernel_ridge,B,interpolacao,SC80,0.13333333333333333,26,0.007359302695060851,75.58441838296349,-75.58441838296349,1.0
hibrido_inv|kernel_ridge,kernel_ridge,B,interpolacao,SC160,0.26666666666666666,31,0.09947074284977414,100.31755429013555,-100.31755429013555,1.0
hibrido_inv|kernel_ridge,kernel_ridge,C,interpolacao,SC240,0.4,26,0.40042932851871094,24.36715430643502,0.25759711122658435,0.4230769230769231
hibrido_inv|kernel_ridge,kernel_ridge,C,interpolacao,SC320,0.5333333333333333,26,0.5419300859412908,27.854101306370126,5.158051564774425,0.15384615384615385
hibrido_inv|kernel_ridge,kernel_ridge,D,extrapolacao,SC400,0.6666666666666666,25,0.0,400.00000000000006,-400.00000000000006,1.0
hibrido_inv|kernel_ridge,kernel_ridge,D,extrapolacao,SC480,0.8,27,0.0,480.0000000000001,-480.0000000000001,1.0
hibrido_inv|kernel_ridge,kernel_ridge,D,extrapolacao,SC560,0.9333333333333333,32,0.0,560.0,-560.0,1.0
hibrido_inv|kernel_ridge,kernel_ridge,D,extrapolacao,SC600,1.0,40,0.0,600.0,-600.0,1.0
hibrido_inv|svr,svr,A,extrapolacao,Healthy,0.0,22,0.45660382835590435,273.96229701354264,273.96229701354264,1.0
hibrido_inv|svr,svr,B,interpolacao,SC80,0.13333333333333333,26,0.5343344246340187,240.60065478041128,240.60065478041128,1.0
hibrido_inv|svr,svr,B,interpolacao,SC160,0.26666666666666666,31,0.46560443516646977,119.36266109988189,119.36266109988189,1.0
hibrido_inv|svr,svr,C,interpolacao,SC240,0.4,26,0.4892865586221215,53.57193517327286,53.57193517327286,0.4230769230769231
hibrido_inv|svr,svr,C,interpolacao,SC320,0.5333333333333333,26,0.5970720876739123,38.75939364680019,38.24325260434735,0.15384615384615385
hibrido_inv|svr,svr,D,extrapolacao,SC400,0.6666666666666666,25,0.22389617078515195,265.6622975289088,-265.6622975289088,1.0
hibrido_inv|svr,svr,D,extrapolacao,SC480,0.8,27,0.22389617078515195,345.6622975289089,-345.6622975289089,1.0
hibrido_inv|svr,svr,D,extrapolacao,SC560,0.9333333333333333,32,0.22389617078515192,425.6622975289089,-425.6622975289089,1.0
hibrido_inv|svr,svr,D,extrapolacao,SC600,1.0,40,0.22389617078515195,465.6622975289089,-465.6622975289089,1.0
hibrido_inv|gp,gp,A,extrapolacao,Healthy,0.0,22,0.3114923548798131,186.89541292788786,186.89541292788786,1.0
hibrido_inv|gp,gp,B,interpolacao,SC80,0.13333333333333333,26,0.2269018790213142,56.14112741278853,56.14112741278853,1.0
hibrido_inv|gp,gp,B,interpolacao,SC160,0.26666666666666666,31,0.25402260980633246,19.733846790597074,-7.5864341162005315,1.0
hibrido_inv|gp,gp,C,interpolacao,SC240,0.4,26,0.5282175750843247,76.93054505059474,76.93054505059474,0.4230769230769231
hibrido_inv|gp,gp,C,interpolacao,SC320,0.5333333333333333,26,0.6225068959320901,53.504137559254,53.504137559254,0.15384615384615385
hibrido_inv|gp,gp,D,extrapolacao,SC400,0.6666666666666666,25,0.2748091603053435,235.11450381679387,-235.11450381679387,1.0
hibrido_inv|gp,gp,D,extrapolacao,SC480,0.8,27,0.2748091603053435,315.11450381679396,-315.11450381679396,1.0
hibrido_inv|gp,gp,D,extrapolacao,SC560,0.9333333333333333,32,0.2748091603053435,395.1145038167939,-395.1145038167939,1.0
hibrido_inv|gp,gp,D,extrapolacao,SC600,1.0,40,0.2748091603053435,435.1145038167939,-435.1145038167939,1.0
hibrido_mb|ridge,ridge,A,extrapolacao,Healthy,0.0,22,0.25540073096712584,153.2404385802755,153.2404385802755,1.0
hibrido_mb|ridge,ridge,B,interpolacao,SC80,0.13333333333333333,26,0.0397857154714591,56.128570717124546,-56.128570717124546,1.0
hibrido_mb|ridge,ridge,B,interpolacao,SC160,0.26666666666666666,31,0.2062508032461625,36.24951805230253,-36.24951805230253,1.0
hibrido_mb|ridge,ridge,C,interpolacao,SC240,0.4,26,0.3978561150825201,8.914100999124656,-1.2863309504879754,1.0
hibrido_mb|ridge,ridge,C,interpolacao,SC320,0.5333333333333333,26,0.49501036911805046,22.99377852916971,-22.99377852916971,1.0
hibrido_mb|ridge,ridge,D,extrapolacao,SC400,0.6666666666666666,25,0.011792283860797306,392.9246296835216,-392.9246296835216,1.0
hibrido_mb|ridge,ridge,D,extrapolacao,SC480,0.8,27,0.09995809256863485,420.0251444588191,-420.0251444588191,1.0
hibrido_mb|ridge,ridge,D,extrapolacao,SC560,0.9333333333333333,32,0.3140699785891426,371.5580128465145,-371.5580128465145,1.0
hibrido_mb|ridge,ridge,D,extrapolacao,SC600,1.0,40,0.34372498110260813,393.76501133843516,-393.76501133843516,1.0
hibrido_mb|pls,pls,A,extrapolacao,Healthy,0.0,22,0.235808048894944,141.4848293369664,141.4848293369664,1.0
hibrido_mb|pls,pls,B,interpolacao,SC80,0.13333333333333333,26,0.04517044611971524,52.89773232817086,-52.89773232817086,1.0
hibrido_mb|pls,pls,B,interpolacao,SC160,0.26666666666666666,31,0.2092425131242555,34.454492125446684,-34.454492125446684,1.0
hibrido_mb|pls,pls,C,interpolacao,SC240,0.4,26,0.401522949207361,9.184298702093727,0.9137695244165641,1.0
hibrido_mb|pls,pls,C,interpolacao,SC320,0.5333333333333333,26,0.4989293866926801,20.64236798439194,-20.64236798439194,1.0
hibrido_mb|pls,pls,D,extrapolacao,SC400,0.6666666666666666,25,0.0,400.00000000000006,-400.00000000000006,1.0
hibrido_mb|pls,pls,D,extrapolacao,SC480,0.8,27,0.0,480.0000000000001,-480.0000000000001,1.0
hibrido_mb|pls,pls,D,extrapolacao,SC560,0.9333333333333333,32,0.0,560.0,-560.0,1.0
hibrido_mb|pls,pls,D,extrapolacao,SC600,1.0,40,0.0,600.0,-600.0,1.0
hibrido_mb|pca_ridge,pca_ridge,A,extrapolacao,Healthy,0.0,22,0.2507871752819906,150.47230516919439,150.47230516919439,1.0
hibrido_mb|pca_ridge,pca_ridge,B,interpolacao,SC80,0.13333333333333333,26,0.028463908609120434,62.92165483452776,-62.92165483452776,1.0
hibrido_mb|pca_ridge,pca_ridge,B,interpolacao,SC160,0.26666666666666666,31,0.17895174283340046,52.62895429995972,-52.62895429995972,1.0
hibrido_mb|pca_ridge,pca_ridge,C,interpolacao,SC240,0.4,26,0.4128535944364384,14.609370069571607,7.712156661863019,1.0
hibrido_mb|pca_ridge,pca_ridge,C,interpolacao,SC320,0.5333333333333333,26,0.501928429133044,20.479317889125177,-18.84294252017356,1.0
hibrido_mb|pca_ridge,pca_ridge,D,extrapolacao,SC400,0.6666666666666666,25,1.0,200.00000000000003,200.00000000000003,1.0
hibrido_mb|pca_ridge,pca_ridge,D,extrapolacao,SC480,0.8,27,1.0,119.99999999999999,119.99999999999999,1.0
hibrido_mb|pca_ridge,pca_ridge,D,extrapolacao,SC560,0.9333333333333333,32,1.0,39.99999999999999,39.99999999999999,1.0
hibrido_mb|pca_ridge,pca_ridge,D,extrapolacao,SC600,1.0,40,1.0,0.0,0.0,1.0
hibrido_mb|kernel_ridge,kernel_ridge,A,extrapolacao,Healthy,0.0,22,0.10866855315829294,65.20113189497576,65.20113189497576,1.0
hibrido_mb|kernel_ridge,kernel_ridge,B,interpolacao,SC80,0.13333333333333333,26,0.007235920435797334,75.6584477385216,-75.6584477385216,1.0
hibrido_mb|kernel_ridge,kernel_ridge,B,interpolacao,SC160,0.26666666666666666,31,0.07218941181022898,116.68635291386259,-116.68635291386259,1.0
hibrido_mb|kernel_ridge,kernel_ridge,C,interpolacao,SC240,0.4,26,0.21313893852861515,112.1166368828309,-112.1166368828309,1.0
hibrido_mb|kernel_ridge,kernel_ridge,C,interpolacao,SC320,0.5333333333333333,26,0.3160210647775378,130.38736113347733,-130.38736113347733,1.0
hibrido_mb|kernel_ridge,kernel_ridge,D,extrapolacao,SC400,0.6666666666666666,25,0.0,400.00000000000006,-400.00000000000006,1.0
hibrido_mb|kernel_ridge,kernel_ridge,D,extrapolacao,SC480,0.8,27,0.0,480.0000000000001,-480.0000000000001,1.0
hibrido_mb|kernel_ridge,kernel_ridge,D,extrapolacao,SC560,0.9333333333333333,32,0.0,560.0,-560.0,1.0
hibrido_mb|kernel_ridge,kernel_ridge,D,extrapolacao,SC600,1.0,40,0.0,600.0,-600.0,1.0
hibrido_mb|svr,svr,A,extrapolacao,Healthy,0.0,22,0.45954816476822274,275.72889886093367,275.72889886093367,1.0
hibrido_mb|svr,svr,B,interpolacao,SC80,0.13333333333333333,26,0.4497249697897923,189.83498187387534,189.83498187387534,1.0
hibrido_mb|svr,svr,B,interpolacao,SC160,0.26666666666666666,31,0.47095856928310426,122.57514156986261,122.57514156986261,1.0
hibrido_mb|svr,svr,C,interpolacao,SC240,0.4,26,0.4947984705661504,56.879082339690214,56.879082339690214,1.0
hibrido_mb|svr,svr,C,interpolacao,SC320,0.5333333333333333,26,0.5341185205146831,5.8832879195281444,0.47111230880985294,1.0
hibrido_mb|svr,svr,D,extrapolacao,SC400,0.6666666666666666,25,0.2921048440835394,224.73709354987633,-224.73709354987633,1.0
hibrido_mb|svr,svr,D,extrapolacao,SC480,0.8,27,0.2921048440835393,304.7370935498764,-304.7370935498764,1.0
hibrido_mb|svr,svr,D,extrapolacao,SC560,0.9333333333333333,32,0.2921048440835394,384.73709354987636,-384.73709354987636,1.0
hibrido_mb|svr,svr,D,extrapolacao,SC600,1.0,40,0.2921048440835394,424.73709354987636,-424.73709354987636,1.0
hibrido_mb|gp,gp,A,extrapolacao,Healthy,0.0,22,0.31447286704022637,188.6837202241358,188.6837202241358,1.0
hibrido_mb|gp,gp,B,interpolacao,SC80,0.13333333333333333,26,0.1293716937108887,8.827283627572815,-2.3769837734667867,1.0
hibrido_mb|gp,gp,B,interpolacao,SC160,0.26666666666666666,31,0.22269121544989456,26.75054772001033,-26.385270730063276,1.0
hibrido_mb|gp,gp,C,interpolacao,SC240,0.4,26,0.5031484567792661,61.88907406755965,61.88907406755965,1.0
hibrido_mb|gp,gp,C,interpolacao,SC320,0.5333333333333333,26,0.579721908758832,27.833145255299204,27.833145255299204,1.0
hibrido_mb|gp,gp,D,extrapolacao,SC400,0.6666666666666666,25,0.2748091603053435,235.11450381679387,-235.11450381679387,1.0
hibrido_mb|gp,gp,D,extrapolacao,SC480,0.8,27,0.2748091603053435,315.11450381679396,-315.11450381679396,1.0
hibrido_mb|gp,gp,D,extrapolacao,SC560,0.9333333333333333,32,0.2748091603053435,395.1145038167939,-395.1145038167939,1.0
hibrido_mb|gp,gp,D,extrapolacao,SC600,1.0,40,0.2748091603053435,435.1145038167939,-435.1145038167939,1.0
empilhado|media_3,media_3,A,extrapolacao,Healthy,0.0,22,0.25374228160561096,152.2453689633666,152.2453689633666,1.0
empilhado|media_3,media_3,B,interpolacao,SC80,0.13333333333333333,26,0.0234275065533896,65.94349606796624,-65.94349606796624,1.0
empilhado|media_3,media_3,B,interpolacao,SC160,0.26666666666666666,31,0.22097840769175545,27.412955384946763,-27.412955384946763,1.0
empilhado|media_3,media_3,C,interpolacao,SC240,0.4,26,0.4771916792598497,46.31500755590979,46.31500755590979,1.0
empilhado|media_3,media_3,C,interpolacao,SC320,0.5333333333333333,26,0.5637911964056469,18.274717843388153,18.274717843388153,0.9615384615384616
empilhado|media_3,media_3,D,extrapolacao,SC400,0.6666666666666666,25,0.0,400.00000000000006,-400.00000000000006,1.0
empilhado|media_3,media_3,D,extrapolacao,SC480,0.8,27,0.0,480.0000000000001,-480.0000000000001,1.0
empilhado|media_3,media_3,D,extrapolacao,SC560,0.9333333333333333,32,0.0,560.0,-560.0,1.0
empilhado|media_3,media_3,D,extrapolacao,SC600,1.0,40,0.0,600.0,-600.0,1.0
empilhado|media_dino_mb,media_dino_mb,A,extrapolacao,Healthy,0.0,22,0.2789334306610331,167.36005839661985,167.36005839661985,1.0
empilhado|media_dino_mb,media_dino_mb,B,interpolacao,SC80,0.13333333333333333,26,0.07761758147832079,33.42945111300753,-33.42945111300753,1.0
empilhado|media_dino_mb,media_dino_mb,B,interpolacao,SC160,0.26666666666666666,31,0.24175983026132794,15.87290263643774,-14.944101843203219,1.0
empilhado|media_dino_mb,media_dino_mb,C,interpolacao,SC240,0.4,26,0.433554824177915,20.13289450674901,20.13289450674901,1.0
empilhado|media_dino_mb,media_dino_mb,C,interpolacao,SC320,0.5333333333333333,26,0.5220515791145417,9.23733270783523,-6.769052531274954,0.9615384615384616
empilhado|media_dino_mb,media_dino_mb,D,extrapolacao,SC400,0.6666666666666666,25,0.5806896381263633,51.586217124182035,-51.586217124182035,1.0
empilhado|media_dino_mb,media_dino_mb,D,extrapolacao,SC480,0.8,27,0.6240598400013837,105.56409599916982,-105.56409599916982,1.0
empilhado|media_dino_mb,media_dino_mb,D,extrapolacao,SC560,0.9333333333333333,32,0.6326472099350328,180.41167403898035,-180.41167403898035,1.0
empilhado|media_dino_mb,media_dino_mb,D,extrapolacao,SC600,1.0,40,0.6210037539397127,227.3977476361724,-227.3977476361724,1.0
