arquivo,pasta,condicao,nivel,espiras,alfa,numero,ordem,bloco,sha256,campanha
p1001.bmp,p1_Noload,Healthy,0,0,0.0,1,0,0,58f27d307e5e28f038f75d47a28528409021f6ce0103395399370a2057938778,A
p1002.bmp,p1_Noload,Healthy,0,0,0.0,2,1,0,f885527a57548cb28fa85cae9f77dce1fafc204d96b9af69f15981804bf11186,A
p1003.bmp,p1_Noload,Healthy,0,0,0.0,3,2,0,dad65b1160d08b161543a60d2ee1aded4ad5b5d6ab8d5456bd05d25fe858f8e3,A
p1004.bmp,p1_Noload,Healthy,0,0,0.0,4,3,0,858b83aeaeff1c92b70cf420f5d54cff6618613f88e3bfb8bc43ab05812f7df5,A
p1005.bmp,p1_Noload,Healthy,0,0,0.0,5,4,0,eec8dca1b26e806164c42cee1d69b219c986e489dbfc0602c914fb62de799827,A
p1006.bmp,p1_Noload,Healthy,0,0,0.0,6,5,1,224f60c41563f15087fee7177fdbd601265c5ba4de26dda5e3e220c15bc537cf,A
p1007.bmp,p1_Noload,Healthy,0,0,0.0,7,6,1,697e6c3f342c955c9ccbe7649f18cc28934dfadfd8581a54f765d88200695dfc,A
p1008.bmp,p1_Noload,Healthy,0,0,0.0,8,7,1,ac03e057351501de9fc7b235c9cd5a673e47c8defed8c7a057d671f7f2afa499,A
p1009.bmp,p1_Noload,Healthy,0,0,0.0,9,8,1,e07e91b4133d2620602b0a7b09e06912f027647ed006e6a4aa67bd7a4a388930,A
p1010.bmp,p1_Noload,Healthy,0,0,0.0,10,9,1,a6ea0b4f7f0f961523a13d00446d878732c9967c40f56a5ee6e017915255c239,A
p1011.bmp,p1_Noload,Healthy,0,0,0.0,11,10,2,cbfcb6f6c9cc29df4cc9a7b300f6b0ec7b837c1b36376c6084158ca322685779,A
p1012.bmp,p1_Noload,Healthy,0,0,0.0,12,11,2,f5dd5b31569666cb2149abcc08838526dafec2f928cd548869e1c1fa33024273,A
p1013.bmp,p1_Noload,Healthy,0,0,0.0,13,12,2,ebf8c9d66f334aeed1b2f305542277121e102dcf8c5a660f16f6439c091a5315,A
p1014.bmp,p1_Noload,Healthy,0,0,0.0,14,13,2,adce5d21d2265705f4c11dc55c815ff9073e633105eedb18375e16fe97b867a1,A
p1015.bmp,p1_Noload,Healthy,0,0,0.0,15,14,3,9ad1825a44ed6d8696782307dd4a02d2b5d51696a8385a0c5c637b5e5664cf10,A
p1016.bmp,p1_Noload,Healthy,0,0,0.0,16,15,3,e87eb041b0d885599f83a3b435b150afc7bedfa5d137b8b202b06d33360a6e65,A
p1017.bmp,p1_Noload,Healthy,0,0,0.0,17,16,3,9ca6770e988d8b8765e16963ffef2303841229edd7b7d495613bc4055737775f,A
p1018.bmp,p1_Noload,Healthy,0,0,0.0,18,17,3,c2fcb38ed7e3765d57646c15e57a171397bc69e45ff91eb69c7b6e5877127112,A
p1019.bmp,p1_Noload,Healthy,0,0,0.0,19,18,4,a954cb5c0a8ded7c3de3221b9c5e83468ec828d25b051981873c8ed37c4ba732,A
p1020.bmp,p1_Noload,Healthy,0,0,0.0,20,19,4,eb79fa66c33c514e84b095ed5ff489e4c319f36c657e400e1f675f1380f7e434,A
p1021.bmp,p1_Noload,Healthy,0,0,0.0,21,20,4,68581c1876807a87affbca05210a0277525772ea4558fb9485fb44a059041183,A
p1022.bmp,p1_Noload,Healthy,0,0,0.0,22,21,4,eef020d2bf21502c08b87446b3176d44acb110208e3bf20f42332f68fe121cab,A
p2001.bmp,p2_80,SC80,1,80,0.13333333333333333,1,0,0,8668445c0e0de951dfebf0d1cdf634be053b39fe8c92e6fd49b9ae74a95c3867,B
p2002.bmp,p2_80,SC80,1,80,0.13333333333333333,2,1,0,ab03e34602da0754337c2ce7979ca498fcf3db869d30af09eedd40d583463203,B
p2003.bmp,p2_80,SC80,1,80,0.13333333333333333,3,2,0,bfc00b0b9d34f3ca0047c0cfdb400832da7ac26ed4aa63190532f4c48ad6e762,B
p2004.bmp,p2_80,SC80,1,80,0.13333333333333333,4,3,0,b892e986a87455515760366d40941c29f9b1a8a7e38105a5cc080ac234a3b7b4,B
p2005.bmp,p2_80,SC80,1,80,0.13333333333333333,5,4,0,e6d083fa862e7e3c63732cb673bd9b9484f2904eb7fdd8b1f872ec9389f96e79,B
p2006.bmp,p2_80,SC80,1,80,0.13333333333333333,6,5,0,8b4103d2a0516075fab0cd1e96b4bf5f907363874c81642b61f63ebc7bf20c16,B
p2007.bmp,p2_80,SC80,1,80,0.13333333333333333,7,6,1,2e06bb8ed46f0d507e4295d0c21a203ebb11a702038e18ef50a68911acd89aa6,B
p2008.bmp,p2_80,SC80,1,80,0.13333333333333333,8,7,1,85afabf96b40b0985fa332f7d5471ac5ec037950d99527eff72ab72b40e9bc4d,B
p2009.bmp,p2_80,SC80,1,80,0.13333333333333333,9,8,1,f633870b61c12ec9f9f3b184c8a2285868500bcb218783b4b18c2cc3b258ee9a,B
p2010.bmp,p2_80,SC80,1,80,0.13333333333333333,10,9,1,e26c239e7971c88b1b9529f30edab674769d6b31f2467e31fbf194b1372fc2ed,B
p2011.bmp,p2_80,SC80,1,80,0.13333333333333333,11,10,1,62e4961028244e0bd1f25971966f9f1a7e65064d6ac87407d7b8513bec368881,B
p2012.bmp,p2_80,SC80,1,80,0.13333333333333333,12,11,2,e82e1c2135c3f064d37b2a970250d1f37bc9e84e78a44c4e1f1e56c6fbc02273,B
p2013.bmp,p2_80,SC80,1,80,0.13333333333333333,13,12,2,d018f10471b8fd6ce49f014b41d0c1ab600b5afa56c4262a7256d3d865f4b9c5,B
p2014.bmp,p2_80,SC80,1,80,0.13333333333333333,14,13,2,edc6008f8cb207ffba63252e157c106e7213178a14605a8b0b2d5bce96c8eabd,B
p2015.bmp,p2_80,SC80,1,80,0.13333333333333333,15,14,2,8161b6ea79cf5b638f70aff997ed60a8956d5a6a0b00550c4af371e9732e8f84,B
p2016.bmp,p2_80,SC80,1,80,0.13333333333333333,16,15,2,7cda4116b093517995f3685a91c0e1e8d24fa8acd33f22766135c11a0e182347,B
p2017.bmp,p2_80,SC80,1,80,0.13333333333333333,17,16,3,12b3b49bffcf0cbcea75666eb1e627675ef837281a442e7290aac81c73af83a9,B
p2018.bmp,p2_80,SC80,1,80,0.13333333333333333,18,17,3,4c7e6fbbc3666b3d5791166fd1060f58d5b2604242205aa3aab89508d6a658b9,B
p2019.bmp,p2_80,SC80,1,80,0.13333333333333333,19,18,3,295a82ea72720532e07fe8b70833ce70511ee2dbb0a8e379d432674317a7b53a,B
p2020.bmp,p2_80,SC80,1,80,0.13333333333333333,20,19,3,0f0e5f236400f3d9124c109861a61d08eaf2258bd6acb64adb142dec84797dcd,B
p2021.bmp,p2_80,SC80,1,80,0.13333333333333333,21,20,3,2d5cca377344814d78d4ac3e488f4eb3f6f89a7a9136961b315cdc02e737b10a,B
p2022.bmp,p2_80,SC80,1,80,0.13333333333333333,22,21,4,f0890e69f087fdb9bcf26a5a1c3527265a8913a8f7480e9c6fecb1354fc73a28,B
p2023.bmp,p2_80,SC80,1,80,0.13333333333333333,23,22,4,32732f6c49c9450825fc073fe5d96e069d3b7dfc681c3135dc165149758ba452,B
p2024.bmp,p2_80,SC80,1,80,0.13333333333333333,24,23,4,9b05c2cf48bdd05c1962b6745b6e1b11eef32b927453a1dbab2f8da700416c88,B
p2025.bmp,p2_80,SC80,1,80,0.13333333333333333,25,24,4,2987d28a4392e8281deaad01a8148c5dca89415d1b9742ba77294e08030aabc8,B
p2026.bmp,p2_80,SC80,1,80,0.13333333333333333,26,25,4,4bfd54cd072713dde0874e324e0dc41239adeec0a4d8ab7845e173109afbef72,B
p3027.bmp,p3_160,SC160,2,160,0.26666666666666666,27,0,0,362ffccd10fd1ff2612ad096c8fc7196ddce0b5d7ef9a4e0f81e19f87bf6eb52,B
p3028.bmp,p3_160,SC160,2,160,0.26666666666666666,28,1,0,d8d6bd473fbd56cc9b552859623458e5570d5c5509f31e6a62ac513eb0cb6472,B
p3029.bmp,p3_160,SC160,2,160,0.26666666666666666,29,2,0,7ff3708bc9102bce0e37d264b0cb9acaa8e8e6a1420604479e49238ccfe5caa6,B
p3030.bmp,p3_160,SC160,2,160,0.26666666666666666,30,3,0,c3a7dbff248b8a809cff8b02e848917e8ba3b4bbdb74286db07855746c20d7d4,B
p3031.bmp,p3_160,SC160,2,160,0.26666666666666666,31,4,0,37c7d2f37d197c5659591fa9f7f8355ba6c97427bbef891f686aeb63cd74a18b,B
p3032.bmp,p3_160,SC160,2,160,0.26666666666666666,32,5,0,c66fa3d10afb5fe2c3abd5ce6679d80cdda4c6d51ee4f5380ba7eab611e37f4d,B
p3033.bmp,p3_160,SC160,2,160,0.26666666666666666,33,6,0,e259bd41c8384e02ae8a11f2ed4552792cdc680c05d4cfe700225f2d2a148dbc,B
p3034.bmp,p3_160,SC160,2,160,0.26666666666666666,34,7,1,4b0349ab99f3715eb6b71a86e973ad336311a83d3c2c365d327fdcee9cee96ea,B
p3035.bmp,p3_160,SC160,2,160,0.26666666666666666,35,8,1,541b470829ab6fd231a6975f74787b941abc6f245ba1e31ec8b4f3750bc11e23,B
p3036.bmp,p3_160,SC160,2,160,0.26666666666666666,36,9,1,50201039632a1ec9f4143b73d552527301c6a9bb699533a7071c9010c56c9810,B
p3037.bmp,p3_160,SC160,2,160,0.26666666666666666,37,10,1,158d0ff2af40e0e35940f66edaa43ba7f5aed7c38f05fbc27da8713aa213fa88,B
p3038.bmp,p3_160,SC160,2,160,0.26666666666666666,38,11,1,62de047a91f43129ea357928eeecf94a5ef8679d195e677a51019ecef87da7c7,B
p3039.bmp,p3_160,SC160,2,160,0.26666666666666666,39,12,1,caab808f93d7a28be48bd46f9c35e67de8b682023fcf0241c13e32886e0a2bbb,B
p3040.bmp,p3_160,SC160,2,160,0.26666666666666666,40,13,2,70c6b85ed59e92361c36b625df78c970f9d65b39b848a516577aa68d4b7c6220,B
p3041.bmp,p3_160,SC160,2,160,0.26666666666666666,41,14,2,33ccc51d099f1ed1e0a5899bb37c9afcaf4c1bbb401088ff89f295a34441c575,B
p3042.bmp,p3_160,SC160,2,160,0.26666666666666666,42,15,2,41864a82cff80b91797a464ffe1d92bc28fb82649d9b9d9249e645138be92e3d,B
p3043.bmp,p3_160,SC160,2,160,0.26666666666666666,43,16,2,6219bfc047583957d88348cb516c0d8c1ae2ef1dc416f84cc6d3af68885e227e,B
p3044.bmp,p3_160,SC160,2,160,0.26666666666666666,44,17,2,534a0ee6cb4af3fcca4c416766b7f6d0b8c4e86e7d35fdad2217320d93693670,B
p3045.bmp,p3_160,SC160,2,160,0.26666666666666666,45,18,2,6cc5b9ddbd9d6bf4a0c67bdf52063ebf3a66463d0b644eea4a32d58f4966d58e,B
p3046.bmp,p3_160,SC160,2,160,0.26666666666666666,46,19,3,21970042015af833aaa11f4ba96e516c76206611dc2acb8654f8ba7a781535ef,B
p3047.bmp,p3_160,SC160,2,160,0.26666666666666666,47,20,3,39e132ef305a1b04bd3d9aedde85e8b0d71e1ddcec9d10292ace88b3c8c841cd,B
p3048.bmp,p3_160,SC160,2,160,0.26666666666666666,48,21,3,cdc86a71307fca52ef4b6df77629062686b047750f363b565d63c9613e23bb99,B
p3049.bmp,p3_160,SC160,2,160,0.26666666666666666,49,22,3,381dea1065136114302055c105e4de9ad48acfb818f40f95c0b15a95d4522ee2,B
p3050.bmp,p3_160,SC160,2,160,0.26666666666666666,50,23,3,bd33e45cc7e6d417f1d0901d46df356cea06132f295d1e4af41bdb7b01bc671f,B
p3051.bmp,p3_160,SC160,2,160,0.26666666666666666,51,24,3,8aebf48159a57598ed8ee13005d6370c05f26f74a2b618ee28562b3d4932f940,B
p3052.bmp,p3_160,SC160,2,160,0.26666666666666666,52,25,4,66f1df4a604fc14ef60afe8ee5592dfb0079093ee5c9279e2783193689f07909,B
p3053.bmp,p3_160,SC160,2,160,0.26666666666666666,53,26,4,2252442bd1ac2a1ab861f9f914ca41864eae68905669d0a234ba45631a1df21f,B
p3054.bmp,p3_160,SC160,2,160,0.26666666666666666,54,27,4,9c737d6dfb1424c3971057505f869a59b22f4253f32e79e709c94d1f13717893,B
p3055.bmp,p3_160,SC160,2,160,0.26666666666666666,55,28,4,e972559c0c36e07fdbd83ea6407d533eeaad416fced9550ab3193a434740cd4f,B
p3056.bmp,p3_160,SC160,2,160,0.26666666666666666,56,29,4,f3aceac590d49ff982555fea567a676e18a47219f9e513e8060dae1b66f6d007,B
p3057.bmp,p3_160,SC160,2,160,0.26666666666666666,57,30,4,25d2eed648647f396496e4d6d1887186d2f1e881864d748214edec680960b2ae,B
p4001.bmp,p4_240,SC240,3,240,0.4,1,0,0,622e81ca04776b3069e1006ff65a078a1b53835f9da46e238dd18488ffbf96a5,C
p4002.bmp,p4_240,SC240,3,240,0.4,2,1,0,cca5685667c24c610a2fe29ff621247fbad88f2b0710d83dfc178caad42f9809,C
p4003.bmp,p4_240,SC240,3,240,0.4,3,2,0,db710d52d01af0177a60a8741a18ef3cf4ceeb859df919f19d86bd98995ecce9,C
p4004.bmp,p4_240,SC240,3,240,0.4,4,3,0,7b427b7e4a828cbc3929dc94cc72970e9cd48135d267578af5e4f9994cb3f5c8,C
p4005.bmp,p4_240,SC240,3,240,0.4,5,4,0,cb83868565f0c9f31ccf8721a9d9737f3e9458e15ac54b2798002a99e9c73c22,C
p4006.bmp,p4_240,SC240,3,240,0.4,6,5,0,e81358ec630bf56f36e2f494925f66b5c51e13ef1780a423139bf54e5826af90,C
p4007.bmp,p4_240,SC240,3,240,0.4,7,6,1,9262e4874a999c23c4c9acae161bb2c7946689c380c2a11bfc6649bd36af0e95,C
p4008.bmp,p4_240,SC240,3,240,0.4,8,7,1,2b226307a0f641380fe1e83834b843ef8402f01cde1eec759cd562de81902093,C
p4009.bmp,p4_240,SC240,3,240,0.4,9,8,1,130714a2f195d027126521c25b6c594c36b9db0816a7133590c998c94506e6c5,C
p4010.bmp,p4_240,SC240,3,240,0.4,10,9,1,6ad7c75a4f5dfb93e5e104ed460d9e1a28fd476d5b76aab5a684b1ace3e81406,C
p4011.bmp,p4_240,SC240,3,240,0.4,11,10,1,067e69a27458a2b09488122727f08abcdc2704ada1c774d3600bb507bad3702d,C
p4012.bmp,p4_240,SC240,3,240,0.4,12,11,2,52cc37041f65707b96c5d9cbcad5b5c39bd613b6d9a6e6c8744363c0d6524fa3,C
p4013.bmp,p4_240,SC240,3,240,0.4,13,12,2,8ad6003f57fa1fccea1bf55beb9509fbf48e895f0804cede6018c7eeace831ad,C
p4014.bmp,p4_240,SC240,3,240,0.4,14,13,2,ab2c8bbc3452df893e48ce4aa7c10d687cf43513aefd7f558d43ce0989e31702,C
p4015.bmp,p4_240,SC240,3,240,0.4,15,14,2,a7d9ae92a1976247ac4886a0eca34a5b379692c7df053a1353fc8503f3d638b9,C
p4016.bmp,p4_240,SC240,3,240,0.4,16,15,2,9688bdefc2e67d7e2c8d1cf05070515e2421aaf618798c9ae0a09f8544ead0e3,C
p4017.bmp,p4_240,SC240,3,240,0.4,17,16,3,d3b7c2218c6cd011589bd8ad824396e78be99217e6428cc0601a2ebbb8e55173,C
p4018.bmp,p4_240,SC240,3,240,0.4,18,17,3,95db78cf38399f1e093447ff906d95d113ba8ec5cef77ca8b2822058528548d2,C
p4019.bmp,p4_240,SC240,3,240,0.4,19,18,3,e579886360a36330b98150b7755b0dc135cd96b309afb8cacaa5afa7c3e73c72,C
p4020.bmp,p4_240,SC240,3,240,0.4,20,19,3,6f2fac8d7f9c9fc6748ebcbacace8ba23c19ad88cf8af2cf6773ee0eb0e882e7,C
p4021.bmp,p4_240,SC240,3,240,0.4,21,20,3,51296f52e2bd56aa561a73b856c4ce915140bb66bd1f0e3903618c8f663cf949,C
p4022.bmp,p4_240,SC240,3,240,0.4,22,21,4,8ce48e2dcc5ea23281ce8bbd467a767b28244d06f76a84fc8a761a353ca091eb,C
p4023.bmp,p4_240,SC240,3,240,0.4,23,22,4,e57e11134c6c4c7f5f2492c5e8cbc97d6d105ce513f82062a0684b814ae46186,C
p4024.bmp,p4_240,SC240,3,240,0.4,24,23,4,de40d5f1f87a2cc805ba9169c6c46914ba8de3fb46d6d0114be0c448b3c15b24,C
p4025.bmp,p4_240,SC240,3,240,0.4,25,24,4,4ac19587dd29db5a4e17b65f7a45a2b8ac72c869b52d00368dcc4eada0423b7f,C
p4026.bmp,p4_240,SC240,3,240,0.4,26,25,4,b34b75b2d13782e5774b5a39834569c819a7a4421f9f4f18d9783f4490ffade6,C
p5027.bmp,p5_320,SC320,4,320,0.5333333333333333,27,0,0,2a9be2ef5b478484613ea951bd1376ef5cdd84646dd99bbc7cdeec23d942d7c3,C
p5028.bmp,p5_320,SC320,4,320,0.5333333333333333,28,1,0,4aae4dfccd1744adeaa339307ad16ecad9726de2a476d6fa04f84d0d90cf4974,C
p5029.bmp,p5_320,SC320,4,320,0.5333333333333333,29,2,0,6c14e34245561bcf69db7c171789c9cee62e209d721f5e93054875df8a4071ed,C
p5030.bmp,p5_320,SC320,4,320,0.5333333333333333,30,3,0,c2bdf01b0790d04797632f561afdf5533d7a34a7d2adac95214bf59a746886fc,C
p5031.bmp,p5_320,SC320,4,320,0.5333333333333333,31,4,0,53aba05bbe2645d2200ad8df6b829c6423a3973d184195097a4ef91a9046a437,C
p5032.bmp,p5_320,SC320,4,320,0.5333333333333333,32,5,0,4dae0f2559a65c89518d48b6b204b75b1ebb167cf628472fed87c35ec9be4661,C
p5033.bmp,p5_320,SC320,4,320,0.5333333333333333,33,6,1,8e8f59b3c4bef407e92f893e2acb1c067709f597768368354ca00321b9e07ace,C
p5034.bmp,p5_320,SC320,4,320,0.5333333333333333,34,7,1,94deecf594a4e1c2ed8e5d69bb435d9aa86727c675334137c96a288483469ff0,C
p5035.bmp,p5_320,SC320,4,320,0.5333333333333333,35,8,1,63c8f16cf533988e4d83b91bf4ad16fbb371cbaf5713990261ad33a21b57234e,C
p5036.bmp,p5_320,SC320,4,320,0.5333333333333333,36,9,1,eff8538bb307271e92a6ed16cc2b1a8410f2c09fbcafc6e88d24fcad877a1308,C
p5037.bmp,p5_320,SC320,4,320,0.5333333333333333,37,10,1,7e29cd7c0f58bb80a40b7de5d63d5fee57da9c1298138d2eeb2f83967efa7454,C
p5038.bmp,p5_320,SC320,4,320,0.5333333333333333,38,11,2,c3bf7a27305048fb09007d3fcea025ed5d388711c4abf823c4a85c6b9964fd72,C
p5039.bmp,p5_320,SC320,4,320,0.5333333333333333,39,12,2,e699404db88d57af2a977c6375a2b8dab8672d9acdc91a5f235f00d6459b5b2c,C
p5040.bmp,p5_320,SC320,4,320,0.5333333333333333,40,13,2,b6b541700d6132faa8ccfff63f9722543809c2dc08682d8e206e41f3a4548ad1,C
p5041.bmp,p5_320,SC320,4,320,0.5333333333333333,41,14,2,d490bcdf891cfbc5146ecb1935599205eb95ac0b85794e6f5ae4941d4c256081,C
p5042.bmp,p5_320,SC320,4,320,0.5333333333333333,42,15,2,950777e5868f2c848c17004a7b2ef77280536ea4d94c3ac462f356dea19f1d6d,C
p5043.bmp,p5_320,SC320,4,320,0.5333333333333333,43,16,3,5782a020a25bd1d4318e1429147c76df44299fc5e6e2ac80922765c69af8fb1f,C
p5044.bmp,p5_320,SC320,4,320,0.5333333333333333,44,17,3,ea91064017a653365c6316adedfd735e43d0911f9f7d1122b825ae1e561a1ad6,C
p5045.bmp,p5_320,SC320,4,320,0.5333333333333333,45,18,3,a46c6c508f5a7e3f1ad38010656f49ec4fb9dbafae2e204ddef6c8ec82c2a638,C
p5046.bmp,p5_320,SC320,4,320,0.5333333333333333,46,19,3,165fb9e6cb155a2be91eb662bac513c5bee87103abbd38f6adaeaa45bf66b870,C
p5047.bmp,p5_320,SC320,4,320,0.5333333333333333,47,20,3,598a0197ddef643b3dd9e74d9f4d74bd84d7a30df73146b632666e31d19ccd46,C
p5048.bmp,p5_320,SC320,4,320,0.5333333333333333,48,21,4,caac11f9172e5ac8a4acdd48186f3466d039b3887bcf9c36afb76d0112154b7c,C
p5049.bmp,p5_320,SC320,4,320,0.5333333333333333,49,22,4,a6ade9b1d73ad3f971e97b3372255d8cbaa1327c6ef32418b83a6df50dfac1fc,C
p5050.bmp,p5_320,SC320,4,320,0.5333333333333333,50,23,4,e8a87215aea2a5579d0d18da292e8357cdbeb7e3bf5387392c004fa1fdf18d90,C
p5051.bmp,p5_320,SC320,4,320,0.5333333333333333,51,24,4,70b34f187be3fafbe63772bd3d47f5f324d9d2cb35a95dc6087a25f1a2bc6e28,C
p5052.bmp,p5_320,SC320,4,320,0.5333333333333333,52,25,4,0a6975e10f6130539aa0dd677cc1dc6c2140f0ff70ae06b0582f0a1f6c80019f,C
p6001.bmp,p6_400,SC400,5,400,0.6666666666666666,1,0,0,9bde9fe83e60a1ddf8e13ab85356e194a0b429863769c992511fdf8bdef83948,D
p6002.bmp,p6_400,SC400,5,400,0.6666666666666666,2,1,0,c172ac8c8b89e08e00e36885cd6dd5ca4ee0223bfd0908d6410e5e4685cc46f0,D
p6003.bmp,p6_400,SC400,5,400,0.6666666666666666,3,2,0,0a5b4559d1bfcc2359cf06e3158feb2fcc840eaeca682d8a3042af8a8d92d81b,D
p6004.bmp,p6_400,SC400,5,400,0.6666666666666666,4,3,0,8518767dc2b9e7f4fa1c77aaf21c6525667a5de0ae67952b458d19d4b94f37ec,D
p6005.bmp,p6_400,SC400,5,400,0.6666666666666666,5,4,0,1cb8d77bf2605b06d07ce3efe9618481a8ded5dd39beb80c232e392729c28bac,D
p6006.bmp,p6_400,SC400,5,400,0.6666666666666666,6,5,1,dedc654280a9adffe563e765f06eb8d24ef02c4628c7caaaab3bdd2f20b079f1,D
p6007.bmp,p6_400,SC400,5,400,0.6666666666666666,7,6,1,c53e729c4d793d26a768d976ccf91a5378f9d23cdcddafdfda559757af6c617e,D
p6008.bmp,p6_400,SC400,5,400,0.6666666666666666,8,7,1,9b690786fa95026387bc1e622e7e9603f6554cc4f05033ea8eebba387eefcbb6,D
p6009.bmp,p6_400,SC400,5,400,0.6666666666666666,9,8,1,e02e786132001be2487cdd1c01bb019315a159cce32d403e1f74c8d7c90243d1,D
p6010.bmp,p6_400,SC400,5,400,0.6666666666666666,10,9,1,c2af62265426685801b823df06e8a458140a97c550d313671be0cbb20dacfae3,D
p6011.bmp,p6_400,SC400,5,400,0.6666666666666666,11,10,2,f5da8b555012c3a38a31e6458dc316993d033c94198b78c1fdcbfac15cf7f7e4,D
p6012.bmp,p6_400,SC400,5,400,0.6666666666666666,12,11,2,10f2661e6b6c1a86627e2d199e6629c3248e363109523999e38a68e2b23aa288,D
p6013.bmp,p6_400,SC400,5,400,0.6666666666666666,13,12,2,1515f68acc7e1e92ad806fc97ab8f349ffbbd2c01c3e466a812be1d84106f48b,D
p6014.bmp,p6_400,SC400,5,400,0.6666666666666666,14,13,2,a172acc8189d35b3cafadc600b1bb513e976945d50b82410c6be3c9c6a4d7cce,D
p6015.bmp,p6_400,SC400,5,400,0.6666666666666666,15,14,2,b62149a7a3a4176cee4603658a2ae0ecb88f8bc2e194fe1f6adf658f6b1962d5,D
p6016.bmp,p6_400,SC400,5,400,0.6666666666666666,16,15,3,db2f3e84a3e875ce6b7ed959f3df4bf489c693e85f82a2ff85b1d6ea491fcc59,D
p6017.bmp,p6_400,SC400,5,400,0.6666666666666666,17,16,3,1789e321515e740b3dc14775e3beb916ed23548b29675cd2e9d984f43f96489c,D
p6018.bmp,p6_400,SC400,5,400,0.6666666666666666,18,17,3,549022d1d03b60e40e977fc2fcfad147d749f64f90e6ceb033a618ff0ec12cb0,D
p6019.bmp,p6_400,SC400,5,400,0.6666666666666666,19,18,3,46018781bd7234ed1c6aa80b632e9f7293368ad4631d733012fb5869ceeae596,D
p6020.bmp,p6_400,SC400,5,400,0.6666666666666666,20,19,3,09526ac93397fd5f20b1d0d0c2b92c9da387d4ff2cb5e06a9e3dad3eed47d2f4,D
p6021.bmp,p6_400,SC400,5,400,0.6666666666666666,21,20,4,b7a302fb522b34fb1b349b39e99745f45c2d181a524e7447e4d89f9b4b5d6cdc,D
p6022.bmp,p6_400,SC400,5,400,0.6666666666666666,22,21,4,06ec14a80014a5100d3d047ff24abfa2d4edfd3b33206bfcb96bfcdf7fa95d99,D
p6023.bmp,p6_400,SC400,5,400,0.6666666666666666,23,22,4,aed879b11ce5f171bcbf922188db5a7ea27ff55d4384d28f34dbcee81df5ad73,D
p6024.bmp,p6_400,SC400,5,400,0.6666666666666666,24,23,4,5f83ac56647ae380ac9c08f5a678aac41bcccaf843381a4ebb6d25ff7180a408,D
p6025.bmp,p6_400,SC400,5,400,0.6666666666666666,25,24,4,bab50aafffcc7b4bbf1acf5714c3bb7a22a695bc91dd1256d866078efb77d784,D
p7026.bmp,p7_480,SC480,6,480,0.8,26,0,0,d5e022877677e2057cc006cca165de6e804ea6cdc432512bf725aa68474afbd1,D
p7027.bmp,p7_480,SC480,6,480,0.8,27,1,0,97ce3999724b92a7d0c3dc45ab1812590b361f9cbd4b0829726a886fb89b0574,D
p7028.bmp,p7_480,SC480,6,480,0.8,28,2,0,473d8e679d443b8fdfb72b2c2d4d542bac903b51586fa28d5d107ea7287637bb,D
p7029.bmp,p7_480,SC480,6,480,0.8,29,3,0,652aa597dd8ce8085edc932d250c0cb29e8594e6f30bad2d22288f097e2334ea,D
p7030.bmp,p7_480,SC480,6,480,0.8,30,4,0,e3c50a5c5288cd2c55cae076cebab0a4b656539a47fd45df3fbebebf4d5940b8,D
p7031.bmp,p7_480,SC480,6,480,0.8,31,5,0,c07b98bc7a8096671c535f1619462cc1930f1044d3f81abde47f2e3f7b88e500,D
p7032.bmp,p7_480,SC480,6,480,0.8,32,6,1,c41c26d34f1ed442c927f131f0641c6268e1b5b94e6aafa15070d795848a6d0c,D
p7033.bmp,p7_480,SC480,6,480,0.8,33,7,1,90d3243eda4b8e91f945629b30d67ce014f269ec75a0004f6ffe116993bf9481,D
p7034.bmp,p7_480,SC480,6,480,0.8,34,8,1,2c4812ca641879176e6764c4edd3211c3166a9e97694e14714d5633febe89c41,D
p7035.bmp,p7_480,SC480,6,480,0.8,35,9,1,09b002faf6a8e7be46079c138a853ad4c9af8cf054db9dfcc60583f6ae5a6775,D
p7036.bmp,p7_480,SC480,6,480,0.8,36,10,1,26747ec4d263ed0ab58955b9f6b3f8c7411545131ee7997b29fb68e9a567394b,D
p7037.bmp,p7_480,SC480,6,480,0.8,37,11,1,42ea8fb9aca7d82eb6ba46e4697f27f332a65be7467e9a7234dfffba47e6f7fd,D
p7038.bmp,p7_480,SC480,6,480,0.8,38,12,2,a70775cf3899f31a0f50616c4540c8f33d6a9f888f6a3aadab62d7d81027ef13,D
p7039.bmp,p7_480,SC480,6,480,0.8,39,13,2,100a6f34038b248215ae175f5059ba594afc32007aed7f25d160eaddffab0bbc,D
p7040.bmp,p7_480,SC480,6,480,0.8,40,14,2,ce687404459aac765817351cd414b9ec26bc50e20927ddca9f2640ad909f58c8,D
p7041.bmp,p7_480,SC480,6,480,0.8,41,15,2,9f66f4a6c4177dab1531599190f82af292c19e5524765cb109f1ed1024e87576,D
p7042.bmp,p7_480,SC480,6,480,0.8,42,16,2,c446cfa8ab12e8215835575c99d6472ce110072ecab17bae7669e720442074fa,D
p7043.bmp,p7_480,SC480,6,480,0.8,43,17,3,636b211f54d08830830796096b886c825851748441b64eab4456e6b96f2af9dc,D
p7044.bmp,p7_480,SC480,6,480,0.8,44,18,3,33da5477e56af9fdd36adce3ae3a7ecf07cb22ea80fd1ab35bd9adc96d18b540,D
p7045.bmp,p7_480,SC480,6,480,0.8,45,19,3,b806a325a7abfce5dbc9aca1e64f2c330a0d747c447ae96e25e65759f26a6539,D
p7046.bmp,p7_480,SC480,6,480,0.8,46,20,3,8e1ada1ae4892f3719f2ba833558331c874518acd0958d66a3a273f7f596c55c,D
p7047.bmp,p7_480,SC480,6,480,0.8,47,21,3,cb70ad6596f7ebfae60adef4a9a86bf916b30ed7702854ef67df51cc3d405810,D
p7048.bmp,p7_480,SC480,6,480,0.8,48,22,4,a51efc68eac0ae45696b24f673bd636c80407a871a82e710fa94ae65a32314c0,D
p7049.bmp,p7_480,SC480,6,480,0.8,49,23,4,c2706bd8247033f366ca6f3f8f8cc5706d863d43a0aadb8548635a4b85afa5b8,D
p7050.bmp,p7_480,SC480,6,480,0.8,50,24,4,35587984f14070bb5d8fc3712b5920a7ece4556622668d979e48286dd4ca42cb,D
p7051.bmp,p7_480,SC480,6,480,0.8,51,25,4,888d52de31f58b3142c9066fa3c2538fa006a2dc2e82821802860d569fb0696f,D
p7052.bmp,p7_480,SC480,6,480,0.8,52,26,4,8b2eb6c5544c03828360accd8d830622167d3b7f7b4661f21144f5ea92241a51,D
p8053.bmp,p8_560,SC560,7,560,0.9333333333333333,53,0,0,7968f6cedb7eaf8cce3d0cb0428f6a25c4ae91d659ef324cef2e429fa6d7a022,D
p8054.bmp,p8_560,SC560,7,560,0.9333333333333333,54,1,0,9eadb20506408f3549ea91e82b3b6eee938a4553c32c33d39502ac81cdce763c,D
p8055.bmp,p8_560,SC560,7,560,0.9333333333333333,55,2,0,bdb67580710244d0e9baa779d2f07bcac10833c21a0f53b4e72dada9563fcc9d,D
p8056.bmp,p8_560,SC560,7,560,0.9333333333333333,56,3,0,7ff00accd2ade2793bf27e6e119015936d7e222cf77c989078af376c84a9605f,D
p8057.bmp,p8_560,SC560,7,560,0.9333333333333333,57,4,0,8287b34f880f4f8b9ca9adcb373030fbaa2f718e2a2fcc45af923cd9f6b049ec,D
p8058.bmp,p8_560,SC560,7,560,0.9333333333333333,58,5,0,53e21be08d801271768b75d0c7eeddc86fb99a273938919c8aaa82bcac92370a,D
p8059.bmp,p8_560,SC560,7,560,0.9333333333333333,59,6,0,4144ba06b6c0e0be34556e120d3049d0c8f1e81c700640637ba531eadc9f841e,D
p8060.bmp,p8_560,SC560,7,560,0.9333333333333333,60,7,1,767ae932731bf353f1278740de77880f63adff54405c744a01fb7769fad9dcba,D
p8061.bmp,p8_560,SC560,7,560,0.9333333333333333,61,8,1,ea509bd5a956be8dbb7444aea0bdc3d71cb200866dcd59f8798525259e06a011,D
p8062.bmp,p8_560,SC560,7,560,0.9333333333333333,62,9,1,c14b81a9cdfb24fd06ec14355811d0ce0637bdb53770db71e0cf485a3dea7151,D
p8063.bmp,p8_560,SC560,7,560,0.9333333333333333,63,10,1,de4aadea4e416b0c3d031516b4b01b5ba9593ce4848dc91215c5f2e525dcf07d,D
p8064.bmp,p8_560,SC560,7,560,0.9333333333333333,64,11,1,794a541c4afdd647fa06207d08a24c277c89fdcb6b73cdf179a687b3b7835f4a,D
p8065.bmp,p8_560,SC560,7,560,0.9333333333333333,65,12,1,dadc24c55799bea2cf6bc2fa99a5c54bb6424775e47ae11fd75c4924a8282f87,D
p8066.bmp,p8_560,SC560,7,560,0.9333333333333333,66,13,1,656f8e7f6d540380586fe549ec95059a3a0717a38720034ad1fad9e5b09640f1,D
p8067.bmp,p8_560,SC560,7,560,0.9333333333333333,67,14,2,634f07513b09bc40144d10e11867d3b8cffbc62dbc671e1de4764073e98d5564,D
p8068.bmp,p8_560,SC560,7,560,0.9333333333333333,68,15,2,c56634c3c150230c5b269ad22d1fb660f96294abedfc0478ac8fe4410ac40505,D
p8069.bmp,p8_560,SC560,7,560,0.9333333333333333,69,16,2,0f7788b75b97d7776b185a2ab4cf457b9af8b90bbb4ae43abec3ec3765c38892,D
p8070.bmp,p8_560,SC560,7,560,0.9333333333333333,70,17,2,fe365a6124a8c8b526938fcb024c4434301d4a185318baaf297d7f2d13a7abe1,D
p8071.bmp,p8_560,SC560,7,560,0.9333333333333333,71,18,2,70b02bdb8c021dbd43fb29679e44f4a4c4ef0a6979176a1d31839461b9f3c2d2,D
p8072.bmp,p8_560,SC560,7,560,0.9333333333333333,72,19,2,2392b5714990016f3c893d2895004bccfd15e4b4880386fdbf89e0009986a0d7,D
p8073.bmp,p8_560,SC560,7,560,0.9333333333333333,73,20,3,c1ad582701d3d4dc398cb11ceb8308dc5fbcc3286ecfb6cf50b7de65ccb231fe,D
p8074.bmp,p8_560,SC560,7,560,0.9333333333333333,74,21,3,1e74b1b71b491dd1ae402d6a64dd86f1df7c99938272acab6771dd85fd5d45ce,D
p8075.bmp,p8_560,SC560,7,560,0.9333333333333333,75,22,3,8dec29612d8fa52ed380026f020d9dded8d78a64eedd915c03321d3d4d34ddf6,D
p8076.bmp,p8_560,SC560,7,560,0.9333333333333333,76,23,3,c98f9a19d5de7d2613f2586443e40401fa85883a2de30fb711ddb10dae86227d,D
p8077.bmp,p8_560,SC560,7,560,0.9333333333333333,77,24,3,049abde95138fa93f7332ba8248ccfe013b302a9c16ef15820ac56d628ee5e09,D
p8078.bmp,p8_560,SC560,7,560,0.9333333333333333,78,25,3,5fcd815ad0029d056a7a5d44e68984f08ed50a16637942b666161572d84ef32a,D
p8079.bmp,p8_560,SC560,7,560,0.9333333333333333,79,26,4,0abf67e9ce9b888eb53f151ee3c3604a25552522d434a538e0168eabe1c902bb,D
p8080.bmp,p8_560,SC560,7,560,0.9333333333333333,80,27,4,ebee614bd5cb5dcb6a4e15c0f350cfd0bf3b5107718ae8ec20b7aa2ac409bd1d,D
p8081.bmp,p8_560,SC560,7,560,0.9333333333333333,81,28,4,df81fccccdff80b627e7a22b646bef720be2e586b14bec6e4b6124e1ec4d252d,D
p8082.bmp,p8_560,SC560,7,560,0.9333333333333333,82,29,4,05052dba31bb5c07e4f5a8ec96c7e8ca51632f7c1197a4b6fc85d0ae4319cef3,D
p8083.bmp,p8_560,SC560,7,560,0.9333333333333333,83,30,4,af35ada36209d1ef16e69627eef83c2cc61424a991966088eb0a9da5648537bb,D
p8084.bmp,p8_560,SC560,7,560,0.9333333333333333,84,31,4,ad37f6f6fba2c8d66ba76668af39904c999c85a5deeff7ab82d1efa40e271e1c,D
p9085.bmp,p9_600,SC600,8,600,1.0,85,0,0,db54701db50de00a05e4b28984634a2e871ed8863bb8a49f6582f70da88d2cfb,D
p9086.bmp,p9_600,SC600,8,600,1.0,86,1,0,5c95deeee5661fee4460681787974800dc3149461afb4e6c867ebe08bd255bbc,D
p9087.bmp,p9_600,SC600,8,600,1.0,87,2,0,ca2c341c9cc95059524b0b5feb4db557582276c56e0739abfeb0fa6df63aea46,D
p9088.bmp,p9_600,SC600,8,600,1.0,88,3,0,88aa76bb10aed507b501eec250d7bbe7e4b54f96521a57b06faa6fd651003d3c,D
p9089.bmp,p9_600,SC600,8,600,1.0,89,4,0,22ba34671e7d0eb9abc29b05cf76ce55a812534fda299af0105e26720c078614,D
p9090.bmp,p9_600,SC600,8,600,1.0,90,5,0,2466726e2bfe4e47ae3c28c4e2e3f0b307846fdff7946bbf84b1d4c801655366,D
p9091.bmp,p9_600,SC600,8,600,1.0,91,6,0,0bbdb86849813f3e62fd6ddcf53d743167b68faee92c09f14e3737bb89e07f47,D
p9092.bmp,p9_600,SC600,8,600,1.0,92,7,0,9f19408fb4d28596647b379ecfc310a88e85c30a46732ebc6c562f2994405ee5,D
p9093.bmp,p9_600,SC600,8,600,1.0,93,8,1,6ae3eef32d4a59b33d8b0e455163386a0c65da913706f86aefb29318ddbf0082,D
p9094.bmp,p9_600,SC600,8,600,1.0,94,9,1,e77bca8bfac29737998a763243a7b7fac9bdc6b14e2ad3af8b3e39e6ccd1bd78,D
p9095.bmp,p9_600,SC600,8,600,1.0,95,10,1,e16946196710a0106d91e60d832629de6dedb8f37c5cc77b7e392ff17b548e11,D
p9096.bmp,p9_600,SC600,8,600,1.0,96,11,1,ace8f20f36ba2d99f89d0fc7b0e6e23c86b0730b60c1a4a94b750f8fcc6ee748,D
p9097.bmp,p9_600,SC600,8,600,1.0,97,12,1,2bc792fdb481e7d8c955399f0143b1a75dcd5e256b785a6679c43895e4caf128,D
p9098.bmp,p9_600,SC600,8,600,1.0,98,13,1,a6f842b638e9e15465da4d5c14efa3b0c30507f5df72638a7b5d644e084a14f5,D
p9099.bmp,p9_600,SC600,8,600,1.0,99,14,1,b9e4a69adc50676f4a0173dc57b70441cacbb10135d2513e7aab59fd98954135,D
p9100.bmp,p9_600,SC600,8,600,1.0,100,15,1,4c2ef94713d2684aa3ac1832cc33c2adb6f09caee851a469c42945c2e79cbc9e,D
p9101.bmp,p9_600,SC600,8,600,1.0,101,16,2,7d9b5ff49f0ced9c97406931e7bbbeeadff68b7ca1fbd10f64cfe5aee3f94487,D
p9102.bmp,p9_600,SC600,8,600,1.0,102,17,2,fed465aee5d81b22be25f524591dba3e2b4dc88ca40266b1583d9fd07cade29a,D
p9103.bmp,p9_600,SC600,8,600,1.0,103,18,2,39acf6db743922c55e096272f36a3341a6beb790d6556823db436e42afc6305b,D
p9104.bmp,p9_600,SC600,8,600,1.0,104,19,2,a02440c2f7ffd324b35770b974c0bc056a17a5858313f8b072a06f1526661441,D
p9105.bmp,p9_600,SC600,8,600,1.0,105,20,2,333868a6155ec2d7acd05313af054a9136bc3c4f9c0edaa0eb393bd29c726c19,D
p9106.bmp,p9_600,SC600,8,600,1.0,106,21,2,b045a1d43770a31ced4d0117655efec58e91c8856429f2c41ddce5b3c328c6c4,D
p9107.bmp,p9_600,SC600,8,600,1.0,107,22,2,7461827ab90c85308f1851ae1d312d09fafe1c451150cac7923c3f0c33267ff8,D
p9108.bmp,p9_600,SC600,8,600,1.0,108,23,2,ac712b9d81e4a8f39919918a1d53d685b3bb3d7f7be10be0944bb1e2c4e4c29d,D
p9109.bmp,p9_600,SC600,8,600,1.0,109,24,3,e9ecaaeda6d22bfc0e5230da729efca56b8a5f4a47c3dbb224a18a56e0e12805,D
p9110.bmp,p9_600,SC600,8,600,1.0,110,25,3,251c457661a9a71f07a117a2630c4c9b057b9573378b86b4607235a5ced08c87,D
p9111.bmp,p9_600,SC600,8,600,1.0,111,26,3,0d93e518943a99a49f67b9aa4e78f986bf8fa4ca9f2aa6359dcb19c83008d51b,D
p9112.bmp,p9_600,SC600,8,600,1.0,112,27,3,ceefe378a10890fee7c4b1a0e95b80ee3b2b16c900aaa01a7e83131611c0bb1e,D
p9113.bmp,p9_600,SC600,8,600,1.0,113,28,3,c771779093d2988ee47a547d874ab7c8558159d3bb72cc78eafc4534beacf266,D
p9114.bmp,p9_600,SC600,8,600,1.0,114,29,3,9b7e955775bc9ca84aa2a451b3e46c1b076d26e4b9bac0cd2f794713db587ec4,D
p9115.bmp,p9_600,SC600,8,600,1.0,115,30,3,39eaf964d0e5e38a9ec46a729a0670e7b008615020268e6ed32259b7d7feba45,D
p9116.bmp,p9_600,SC600,8,600,1.0,116,31,3,7ce7aad30f061874bfb28a21d3c8b1cfe39206c0203d0118cc494f8cb2c1b60f,D
p9117.bmp,p9_600,SC600,8,600,1.0,117,32,4,2aa2986882fc3b34df313a54cb757f8cfa13241edd0bcf188baab33338c08aa1,D
p9118.bmp,p9_600,SC600,8,600,1.0,118,33,4,47e5001d2dde1ed4657b8f4711fbe596186f19435e40980872ee340b9f2ad881,D
p9119.bmp,p9_600,SC600,8,600,1.0,119,34,4,00abec21db4f96869e87900d69af98af54a7e5278c5c4982247e39ce8e3c6813,D
p9120.bmp,p9_600,SC600,8,600,1.0,120,35,4,462a0943529d8cd40f8b2cea920276cde8c0d70b0cfb85772986a997b8218f65,D
p9121.bmp,p9_600,SC600,8,600,1.0,121,36,4,9f4aff7a286939872bfcd2e7261667784744ba435072e3641215c3dac08a7aeb,D
p9122.bmp,p9_600,SC600,8,600,1.0,122,37,4,b48861945fdc78772b9a05244bd37a2ab10c5936e12e7a739189448ac0e991fd,D
p9123.bmp,p9_600,SC600,8,600,1.0,123,38,4,35488e18e16fec15f565bf5cbb65fd22d05254ddac2ccd901fe75caa8f07a227,D
p9124.bmp,p9_600,SC600,8,600,1.0,124,39,4,f723db24813d084028520ff517c0520f4bb2578b6c41d22f4cc173fdce850967,D
