indice,dobra,prob_defeito,nivel_previsto,confianca_classificador,alfa_previsto,alfa_inferior,alfa_superior,score_dominio,coerencia_visual,arquivo,condicao,alfa,campanha
0,b0,0.044208245300355026,0,0.8544007664944668,0.032551655826542736,0.0025545662069587083,0.06254874544612676,1.0976186616454209,0.8272605055204053,p1001.bmp,Healthy,0.0,A
1,b0,0.018768342790424233,0,0.9459833877852241,0.0031072488909431595,0.0,0.03310433851052719,0.6617540643929237,0.9091012024626448,p1002.bmp,Healthy,0.0,A
2,b0,0.028758299371146313,0,0.9272685511985981,0.0,0.0,0.029997089619584028,0.6054163623384982,0.8812977269784807,p1003.bmp,Healthy,0.0,A
3,b0,0.007991442255400874,0,0.9730647528741914,0.0,0.0,0.029997089619584028,0.5447368175502519,0.877033905734173,p1004.bmp,Healthy,0.0,A
4,b0,0.012164948565324041,0,0.9601033370657311,0.0,0.0,0.029997089619584028,0.48803744845207137,0.8623981951149992,p1005.bmp,Healthy,0.0,A
5,b1,0.02465339828912934,0,0.9903752938679449,0.0,0.0,0.03385174245518208,0.501729714498501,0.9281492520420468,p1006.bmp,Healthy,0.0,A
6,b1,0.01595655294947841,0,0.9934471519191388,0.0,0.0,0.03385174245518208,0.5181463920405094,0.9462835233850174,p1007.bmp,Healthy,0.0,A
7,b1,0.01585810582063147,0,0.9919087567659305,0.01033158436238224,0.0,0.04418332681756432,0.5790473826515685,0.8620045281402552,p1008.bmp,Healthy,0.0,A
8,b1,0.012883184751571996,0,0.995348956969215,0.013120232657692799,0.0,0.046971975112874875,0.5336432121352042,0.9301320966474939,p1009.bmp,Healthy,0.0,A
9,b1,0.021710117013056772,0,0.9917434174336323,0.020553583166544875,0.0,0.05440532562172695,0.6289877680247136,0.8380051177833332,p1010.bmp,Healthy,0.0,A
10,b2,0.03410791981185456,0,0.9878984475519614,0.021446690187056805,0.0,0.04859052306364153,0.6608237140832267,0.8376833443068835,p1011.bmp,Healthy,0.0,A
11,b2,0.022145568740987907,0,0.9906105363601583,0.017711313903530868,0.0,0.044855146780115596,0.48308251342805303,0.9358257903091444,p1012.bmp,Healthy,0.0,A
12,b2,0.024252805290531095,0,0.9903690087163977,0.01267003572217229,0.0,0.03981386859875702,0.4535194703656386,0.879256993547262,p1013.bmp,Healthy,0.0,A
13,b2,0.01698599765266982,0,0.9922183964613651,0.004924031752956526,0.0,0.032067864629541254,0.6167268242930801,0.8299704168691531,p1014.bmp,Healthy,0.0,A
14,b3,0.031753916605893356,0,0.9868619649831678,0.003120861376504691,0.0,0.029603944391474513,0.544669122691761,0.7674242256132335,p1015.bmp,Healthy,0.0,A
15,b3,0.06473118421167605,0,0.9629699898987408,0.02224721806521479,0.0,0.04873030108018461,0.9816686457262926,0.8925994605170012,p1016.bmp,Healthy,0.0,A
16,b3,0.04122339489296437,0,0.9622105821818953,0.0,0.0,0.02648308301496982,1.06550626012789,0.8424791288956768,p1017.bmp,Healthy,0.0,A
17,b3,0.029091633404369596,0,0.984043793755666,0.030840233318297106,0.004357150303327284,0.05732331633326693,0.6529061122878368,0.8668039412116071,p1018.bmp,Healthy,0.0,A
18,b4,0.025366263236329987,0,0.9283121957118535,0.02040504318334524,0.0,0.047021596896964835,0.6790283343321464,0.8678664345559552,p1019.bmp,Healthy,0.0,A
19,b4,0.03829786618682867,0,0.9093015314459651,0.0020398364549253367,0.0,0.028656390168544932,0.6077494489510562,0.7871478009445031,p1020.bmp,Healthy,0.0,A
20,b4,0.018333908719866596,0,0.9471043946106873,0.008265713026005872,0.0,0.03488226673962547,0.6415841815993586,0.8139390238026926,p1021.bmp,Healthy,0.0,A
21,b4,0.009721975239428969,0,0.9658814557423575,0.0,0.0,0.026616553713619595,0.694761050786902,0.7938975970110316,p1022.bmp,Healthy,0.0,A
22,b0,0.9156783423071827,1,0.9087065061997972,0.12726470381646837,0.09726761419688434,0.1572617934360524,0.9429398956422178,0.7509240832430939,p2001.bmp,SC80,0.13333333333333333,B
23,b0,0.8867263090079293,1,0.8895722588390732,0.14783340896964753,0.1178363193500635,0.17783049858923156,1.0439039517723443,0.8176484400127025,p2002.bmp,SC80,0.13333333333333333,B
24,b0,0.8766018844070472,1,0.8563076335866344,0.11633338631353635,0.08633629669395232,0.14633047593312037,0.8744412542918392,0.8062520155520303,p2003.bmp,SC80,0.13333333333333333,B
25,b0,0.8852162931550438,1,0.7570437041568696,0.1676601898273643,0.13766310020778028,0.19765727944694833,0.9048694523696174,0.8884619584182658,p2004.bmp,SC80,0.13333333333333333,B
26,b0,0.9315851964600286,1,0.9417084078894049,0.14748044257663862,0.11748335295705459,0.17747753219622264,0.7147494456229504,0.9185980439476924,p2005.bmp,SC80,0.13333333333333333,B
27,b0,0.9365816750575647,1,0.94439493937493,0.131419548641327,0.10142245902174296,0.16141663826091102,0.7231950461268886,0.9085441663439434,p2006.bmp,SC80,0.13333333333333333,B
28,b1,0.9609803263554674,1,0.9953883895203273,0.11276377320557213,0.07891203075039005,0.1466155156607542,0.6494767454999645,0.7829766740715078,p2007.bmp,SC80,0.13333333333333333,B
29,b1,0.9555241106077613,1,0.9956209987833358,0.12972894595852236,0.09587720350334028,0.16358068841370443,0.6274980684330883,0.7858336102159978,p2008.bmp,SC80,0.13333333333333333,B
30,b1,0.9339812583679162,1,0.9773231957402484,0.12493982086590905,0.09108807841072697,0.15879156332109112,0.7971706608519765,0.7681820171244375,p2009.bmp,SC80,0.13333333333333333,B
31,b1,0.912137553633267,1,0.9836454779517053,0.11321279642801402,0.07936105397283194,0.1470645388831961,0.6972844421239711,0.8032659392089351,p2010.bmp,SC80,0.13333333333333333,B
32,b1,0.9615649782856448,1,0.9967880072755748,0.1101099148643973,0.07625817240921523,0.14396165731957938,0.6164621449281209,0.9724034610026053,p2011.bmp,SC80,0.13333333333333333,B
33,b2,0.9411338980057508,1,0.9961776567710346,0.15628076768830712,0.1291369348117224,0.18342460056489185,0.6263076694769545,0.8015371278140816,p2012.bmp,SC80,0.13333333333333333,B
34,b2,0.9690560958157983,1,0.9986054052402407,0.1556389139620098,0.12849508108542507,0.18278274683859452,0.6819006139849798,0.8876319084912636,p2013.bmp,SC80,0.13333333333333333,B
35,b2,0.9639352384919715,1,0.9973645635328992,0.13178790992171963,0.1046440770451349,0.15893174279830435,0.8207475888675797,0.880930188577788,p2014.bmp,SC80,0.13333333333333333,B
36,b2,0.949988213161892,1,0.9976244975366559,0.14106917302369737,0.11392534014711264,0.1682130059002821,0.6368907061493791,0.8749098272943284,p2015.bmp,SC80,0.13333333333333333,B
37,b2,0.9429312636658106,1,0.9974062001096379,0.11649239189912197,0.08934855902253724,0.1436362247757067,0.7227574576462676,0.8709775465566969,p2016.bmp,SC80,0.13333333333333333,B
38,b3,0.9829428917987966,1,0.9967193931213707,0.12089972928069692,0.0944166462657271,0.14738281229566674,0.6397167857545899,0.845042405649983,p2017.bmp,SC80,0.13333333333333333,B
39,b3,0.9585816509885736,1,0.9929979709792149,0.10296092630374498,0.07647784328877516,0.1294440093187148,0.7885068198307196,0.8560454067726958,p2018.bmp,SC80,0.13333333333333333,B
40,b3,0.9415383596563289,1,0.9831602226577629,0.08172370991584754,0.05524062690087772,0.10820679293081736,0.9366200466280844,0.8475959502626671,p2019.bmp,SC80,0.13333333333333333,B
41,b3,0.9646771077476907,1,0.9982947312239644,0.1274040053522445,0.10092092233727468,0.15388708836721432,0.8406177000609111,0.7605766263956305,p2020.bmp,SC80,0.13333333333333333,B
42,b3,0.9662975825981465,1,0.9932856658377697,0.15089455541989605,0.12441147240492623,0.17737763843486587,0.8566755524844542,0.8399059783292816,p2021.bmp,SC80,0.13333333333333333,B
43,b4,0.9311825239986493,1,0.9655477350755695,0.14048395197307167,0.11386739825945208,0.16710050568669127,0.791591500312637,0.7708983733676125,p2022.bmp,SC80,0.13333333333333333,B
44,b4,0.9683281923158708,1,0.9814480104878073,0.1646949186583418,0.1380783649447222,0.1913114723719614,0.9561907717032411,0.8204001063510862,p2023.bmp,SC80,0.13333333333333333,B
45,b4,0.9518100654309327,1,0.9712577865230231,0.14352828564288828,0.11691173192926868,0.17014483935650787,1.0133543353461956,0.8706518705035288,p2024.bmp,SC80,0.13333333333333333,B
46,b4,0.9795334308719865,1,0.9769079568751838,0.17439557335447559,0.147779019640856,0.20101212706809518,0.9839700011966677,0.7081640206469223,p2025.bmp,SC80,0.13333333333333333,B
47,b4,0.893814677938031,1,0.9666816685396356,0.12063717696024695,0.09402062324662736,0.14725373067386655,0.992496675230253,0.8519313188668737,p2026.bmp,SC80,0.13333333333333333,B
48,b0,0.9737117304385622,2,0.7184546499085602,0.2830172585641594,0.25302016894457535,0.3130143481837434,0.8404014707258701,0.8831868529102767,p3027.bmp,SC160,0.26666666666666666,B
49,b0,0.9642145972891647,2,0.8223810852542216,0.2753628432396891,0.2453657536201051,0.30535993285927315,0.7604985122725862,0.8125095204397642,p3028.bmp,SC160,0.26666666666666666,B
50,b0,0.9363349893618932,2,0.7372184093887957,0.2564021789426247,0.22640508932304065,0.2863992685622087,0.6978192665230653,0.9048246578356551,p3029.bmp,SC160,0.26666666666666666,B
51,b0,0.9315185866096625,2,0.8360508868130309,0.25495339110212917,0.22495630148254514,0.2849504807217132,0.6380878887808205,0.9228874807639175,p3030.bmp,SC160,0.26666666666666666,B
52,b0,0.9673565083406932,2,0.8314564333682055,0.2784566070204472,0.2484595174008632,0.30845369664003125,0.6061982437169942,0.8254208980798066,p3031.bmp,SC160,0.26666666666666666,B
53,b0,0.9650624416739543,2,0.8791824001176972,0.2734111741927134,0.24341408457312935,0.3034082638122974,0.5234505281472346,0.86998593870404,p3032.bmp,SC160,0.26666666666666666,B
54,b0,0.9460503591414722,2,0.8611441687050911,0.2681111942912811,0.23811410467169708,0.29810828391086514,0.5768561690614392,0.9145902774627441,p3033.bmp,SC160,0.26666666666666666,B
55,b1,0.9426899364344544,2,0.991102009606217,0.24606652343630464,0.21221478098112256,0.2799182658914867,0.6558626290350427,0.9458278281715798,p3034.bmp,SC160,0.26666666666666666,B
56,b1,0.8977255809316746,2,0.9803321302305558,0.2658955718718789,0.23204382941669682,0.299747314327061,0.6666096449972039,0.9050556509895558,p3035.bmp,SC160,0.26666666666666666,B
57,b1,0.944907957816437,2,0.9810244974832621,0.2644262043029751,0.230574461847793,0.29827794675815716,0.6203185107454742,0.9768271576417201,p3036.bmp,SC160,0.26666666666666666,B
58,b1,0.9397954167421676,2,0.9900851093845171,0.262077438175589,0.2282256957204069,0.29592918063077106,0.5827950318301027,0.9161713413691629,p3037.bmp,SC160,0.26666666666666666,B
59,b1,0.9448976063544438,2,0.9920569505212821,0.26637821531203293,0.23252647285685085,0.300229957767215,0.6158515265648321,0.8872535991237889,p3038.bmp,SC160,0.26666666666666666,B
60,b1,0.9508520680551574,2,0.9839779831738172,0.25669219007992594,0.22284044762474386,0.290543932535108,0.5982566553809499,0.9229069703579204,p3039.bmp,SC160,0.26666666666666666,B
61,b2,0.9537958951243919,2,0.9831802533794372,0.26026170733295345,0.23311787445636872,0.2874055402095382,0.5041954175673662,0.8614777602133187,p3040.bmp,SC160,0.26666666666666666,B
62,b2,0.9458584390185303,2,0.919368816287521,0.258702189069861,0.23155835619327625,0.2858460219464457,0.6427106564732853,0.8455954860376788,p3041.bmp,SC160,0.26666666666666666,B
63,b2,0.9612759974662193,2,0.9957389633273263,0.28458239889501,0.2574385660184253,0.31172623177159475,0.6055300033200868,0.7711787452649402,p3042.bmp,SC160,0.26666666666666666,B
64,b2,0.9858084738969701,2,0.9922524636061818,0.2699736042541428,0.24282977137755807,0.2971174371307275,0.7270480085325483,0.9254274113578886,p3043.bmp,SC160,0.26666666666666666,B
65,b2,0.9742535175614346,2,0.9954763943636125,0.2956250618931565,0.2684812290165718,0.32276889476974124,0.7548602223510001,0.8314294013861053,p3044.bmp,SC160,0.26666666666666666,B
66,b2,0.9898830083516071,2,0.9939272270770408,0.3163741288151435,0.28923029593855876,0.3435179616917282,0.7148824238001837,0.8561625213169719,p3045.bmp,SC160,0.26666666666666666,B
67,b3,0.9752451979699378,2,0.988426562453095,0.24236191252802208,0.21587882951305226,0.2688449955429919,0.67178774700741,0.9389045055702924,p3046.bmp,SC160,0.26666666666666666,B
68,b3,0.9611080956409478,2,0.9879622619882259,0.2389671905690527,0.21248410755408287,0.2654502735840225,0.7855835272636583,0.8811047103178751,p3047.bmp,SC160,0.26666666666666666,B
69,b3,0.9796937302362915,2,0.9805829574132119,0.27964459003378384,0.253161507018814,0.30612767304875366,0.7763439453307647,0.838772324822745,p3048.bmp,SC160,0.26666666666666666,B
70,b3,0.9689765830424566,2,0.9932974745911992,0.23527285553155025,0.20878977251658043,0.2617559385465201,0.6878323943034923,0.7364924532229711,p3049.bmp,SC160,0.26666666666666666,B
71,b3,0.9740702698253296,2,0.9946013094086877,0.2324723253264927,0.20598924231152288,0.2589554083414625,0.716966276477552,0.9244984349136154,p3050.bmp,SC160,0.26666666666666666,B
72,b3,0.9807130919500218,2,0.9935049606968568,0.26137148184609693,0.2348883988311271,0.28785456486106675,0.7678096602519568,0.9447622863352545,p3051.bmp,SC160,0.26666666666666666,B
73,b4,0.9684386547753641,2,0.9431736712047111,0.252106328798923,0.22548977508530338,0.27872288251254257,0.5446767951794665,0.8987866549854719,p3052.bmp,SC160,0.26666666666666666,B
74,b4,0.9559266713636054,2,0.9544138131848215,0.2746205718654797,0.24800401815186013,0.3012371255790993,0.7042835657987276,0.7401373889352875,p3053.bmp,SC160,0.26666666666666666,B
75,b4,0.9173551982402804,2,0.9414699503510046,0.2516865119832647,0.2250699582696451,0.2783030656968843,0.6886191863761734,0.7547631240739933,p3054.bmp,SC160,0.26666666666666666,B
76,b4,0.9529953282188081,2,0.9005125301543726,0.2649938290513962,0.23837727533777658,0.2916103827650158,0.7490582989576381,0.7977400699690356,p3055.bmp,SC160,0.26666666666666666,B
77,b4,0.9790471546290005,2,0.8904351235820012,0.3098318606031717,0.2832153068895521,0.3364484143167913,0.6734001739939895,0.8117593015109995,p3056.bmp,SC160,0.26666666666666666,B
78,b4,0.94681102003351,2,0.8953759004819365,0.2606226828057628,0.2340061290921432,0.2872392365193824,0.7031027359426719,0.8542929166558991,p3057.bmp,SC160,0.26666666666666666,B
79,b0,0.992888452612803,3,0.8593436843935592,0.4166801822448595,0.38668309262527545,0.4466772718644435,0.6552243685027817,0.9197279568187425,p4001.bmp,SC240,0.4,C
80,b0,0.9928509207135059,3,0.8451176077011182,0.4188428051414539,0.38884571552186986,0.4488398947610379,0.6853427960642351,0.9019782355115186,p4002.bmp,SC240,0.4,C
81,b0,0.9915703402508318,3,0.7829547516530735,0.4184039669501373,0.3884068773305533,0.44840105656972135,0.7324718975023576,0.9428160275145293,p4003.bmp,SC240,0.4,C
82,b0,0.9893140098776448,3,0.6047893315791204,0.41520149740567913,0.3852044077860951,0.44519858702526316,0.6466579801806914,0.9101313974983283,p4004.bmp,SC240,0.4,C
83,b0,0.9846102477723986,3,0.8942334728348958,0.39053222047108266,0.36053513085149863,0.4205293100906667,0.4929943308469413,0.8553226566475323,p4005.bmp,SC240,0.4,C
84,b0,0.9876697443089331,3,0.8773594918592833,0.41487285589484135,0.3848757662752573,0.4448699455144254,0.5333343119150332,0.9104363009464813,p4006.bmp,SC240,0.4,C
85,b1,0.9886273848321718,3,0.9747664511963249,0.41471610963611083,0.38086436718092875,0.4485678520912929,0.46069720866326375,0.911589669923868,p4007.bmp,SC240,0.4,C
86,b1,0.9830580858960436,3,0.9925570837605479,0.4066238446366704,0.3727721021814883,0.44047558709185247,0.4547514553141488,0.9833052462691018,p4008.bmp,SC240,0.4,C
87,b1,0.9909119234555147,3,0.9810362734829752,0.39797070749142766,0.3641189650362456,0.43182244994660973,0.5980342336482922,0.9030582731367556,p4009.bmp,SC240,0.4,C
88,b1,0.9884028227247269,3,0.9622627306566458,0.4058804919729878,0.37202874951780573,0.4397322344281699,0.5403528091332392,0.9223205967030128,p4010.bmp,SC240,0.4,C
89,b1,0.9832495456798985,3,0.9715902064071907,0.4157945458555269,0.3819428034003448,0.44964628831070896,0.4649830138092363,0.973040436337131,p4011.bmp,SC240,0.4,C
90,b2,0.9858341397210351,3,0.9261686010040626,0.4040067764239856,0.37686294354740085,0.4311506093005703,0.5200003693045868,0.9573670416372154,p4012.bmp,SC240,0.4,C
91,b2,0.9926307528158332,3,0.9675227325796342,0.3993146355094351,0.37217080263285035,0.4264584683860198,0.6554914077704085,0.844716296971655,p4013.bmp,SC240,0.4,C
92,b2,0.986546508872821,3,0.9473909919766377,0.3920999585846888,0.3649561257081041,0.41924379146127355,0.5240025501538114,0.8900872622443033,p4014.bmp,SC240,0.4,C
93,b2,0.9884730085561841,3,0.9603425860474534,0.4054755704535195,0.3783317375769348,0.43261940333010424,0.5175564415377308,0.9024863151740157,p4015.bmp,SC240,0.4,C
94,b2,0.978028512972446,3,0.9852512731550169,0.4006973152647211,0.37355348238813635,0.4278411481413058,0.4963590791124465,0.8808412340310948,p4016.bmp,SC240,0.4,C
95,b3,0.9806296911548692,3,0.9840601426695178,0.39636790751378914,0.3698848244988193,0.42285099052875896,0.4471499226057436,0.9020606344000851,p4017.bmp,SC240,0.4,C
96,b3,0.9820253951292066,3,0.9752079638573248,0.3985551200944037,0.37207203707943387,0.4250382031093735,0.410414373493408,0.8722322804389383,p4018.bmp,SC240,0.4,C
97,b3,0.9790324056563932,3,0.9788122937456526,0.40632161140476614,0.3798385283897963,0.43280469441973596,0.4747822603492195,0.8393817774390852,p4019.bmp,SC240,0.4,C
98,b3,0.9852672663624739,3,0.9770421121776675,0.4060364210647275,0.37955333804975766,0.4325195040796973,0.5599217678296597,0.8785340960831086,p4020.bmp,SC240,0.4,C
99,b3,0.9890348341682768,3,0.8090822408086051,0.39590577526461146,0.36942269224964164,0.4223888582795813,0.7352972224479664,0.9191155103013177,p4021.bmp,SC240,0.4,C
100,b4,0.9907027931823558,4,0.4840019798047466,0.4344695866468974,0.4078530329332778,0.461086140360517,0.8351680293384406,0.8750825758051832,p4022.bmp,SC240,0.4,C
101,b4,0.9755611445853235,3,0.7088917154517558,0.3889600968678856,0.362343543154266,0.41557665058150517,0.5022695856090869,0.9284794485165738,p4023.bmp,SC240,0.4,C
102,b4,0.9817903257145991,3,0.719606428506104,0.39622279769561486,0.36960624398199526,0.42283935140923445,0.6022964655861069,0.900695362354443,p4024.bmp,SC240,0.4,C
103,b4,0.9689256620543869,3,0.6753230651033744,0.3951562468078481,0.3685396930942285,0.4217728005214677,0.659079617648517,0.7457766489091876,p4025.bmp,SC240,0.4,C
104,b4,0.9688828182549821,3,0.6927851542923722,0.38721091878449554,0.36059436507087594,0.41382747249811513,0.6226077681459483,0.8656941988791461,p4026.bmp,SC240,0.4,C
105,b0,0.9868167971915689,4,0.7691083110105352,0.5122062921405561,0.4822092025209721,0.5422033817601402,0.5763249155922033,0.9155987977176067,p5027.bmp,SC320,0.5333333333333333,C
106,b0,0.9804400519826767,4,0.8493010405021488,0.5300461776269785,0.5000490880073944,0.5600432672465625,0.45932854918283733,0.9479190516064658,p5028.bmp,SC320,0.5333333333333333,C
107,b0,0.9844885166687735,4,0.8656425059986469,0.5169537012448311,0.48695661162524706,0.5469507908644151,0.4904718643502826,0.9680499520123066,p5029.bmp,SC320,0.5333333333333333,C
108,b0,0.9725906784521905,4,0.8192846876567911,0.5305032539116435,0.5005061642920595,0.5605003435312276,0.48367476411812843,0.9109665443195692,p5030.bmp,SC320,0.5333333333333333,C
109,b0,0.976801574390508,4,0.7043832285085745,0.5288684223266058,0.4988713327070218,0.5588655119461898,0.6116827101866057,0.9192859085366617,p5031.bmp,SC320,0.5333333333333333,C
110,b0,0.9851636709567457,4,0.8618393996684123,0.5157192522137503,0.48572216259416623,0.5457163418333343,0.4884397416306891,0.9217626484084696,p5032.bmp,SC320,0.5333333333333333,C
111,b1,0.9883534370522614,4,0.9476277125985114,0.533701751472077,0.4998500090168949,0.5675534939272591,0.501191286212745,0.911063432656024,p5033.bmp,SC320,0.5333333333333333,C
112,b1,0.9917156552080303,4,0.9674946197081015,0.5380814494583265,0.5042297070031444,0.5719331919135086,0.47739297672454295,0.9309264562227603,p5034.bmp,SC320,0.5333333333333333,C
113,b1,0.9909115444488639,4,0.9666872962934296,0.5330672981028677,0.4992155556476856,0.5669190405580498,0.5029847112028129,0.9193540346640211,p5035.bmp,SC320,0.5333333333333333,C
114,b1,0.9839296089125881,4,0.9859834092809799,0.5380622664902256,0.5042105240350435,0.5719140089454077,0.37488489723132545,0.9609711969506172,p5036.bmp,SC320,0.5333333333333333,C
115,b1,0.9946486103670236,4,0.95308684989356,0.5301964681400526,0.49634472568487054,0.5640482105952347,0.516547889254408,0.8681720934426562,p5037.bmp,SC320,0.5333333333333333,C
116,b2,0.9902294117806053,4,0.8595782545126499,0.5485802412895862,0.5214364084130014,0.5757240741661709,0.6023894017035971,0.885344202713241,p5038.bmp,SC320,0.5333333333333333,C
117,b2,0.9896772578272109,4,0.952080017016771,0.5296791326040204,0.5025352997274357,0.5568229654806052,0.5490415610640236,0.9094727482907752,p5039.bmp,SC320,0.5333333333333333,C
118,b2,0.9911078351041431,4,0.9726868640469166,0.5335014567617917,0.506357623885207,0.5606452896383765,0.5108366669370106,0.9387425607525234,p5040.bmp,SC320,0.5333333333333333,C
119,b2,0.9834424717249218,4,0.972800043618582,0.5395500911677554,0.5124062582911707,0.5666939240443402,0.4356080575056329,0.9248560005499905,p5041.bmp,SC320,0.5333333333333333,C
120,b2,0.9900366865328939,4,0.9170685622509979,0.5400876042735494,0.5129437713969647,0.5672314371501341,0.5610321656959434,0.8853143474327382,p5042.bmp,SC320,0.5333333333333333,C
121,b3,0.9925750268494933,4,0.996542175549798,0.5346775112606794,0.5081944282457096,0.5611605942756492,0.43626339190202545,0.9174573608473111,p5043.bmp,SC320,0.5333333333333333,C
122,b3,0.9906253327015823,4,0.9434535539069686,0.5215871162044995,0.49510403318952967,0.5480701992194693,0.44583767352908094,0.8447263178228879,p5044.bmp,SC320,0.5333333333333333,C
123,b3,0.984745456692802,4,0.931350052456953,0.4887107251493494,0.46222764213437956,0.5151938081643193,0.8518515331495441,0.8744474049400136,p5045.bmp,SC320,0.5333333333333333,C
124,b3,0.9896159452167738,4,0.9499614176377982,0.5526261130458715,0.5261430300309017,0.5791091960608413,0.7938073903597377,0.8050557541084044,p5046.bmp,SC320,0.5333333333333333,C
125,b3,0.9929876323533381,4,0.9668312224884366,0.5512680197106781,0.5247849366957082,0.5777511027256479,0.9392593955106602,0.7793486613232264,p5047.bmp,SC320,0.5333333333333333,C
126,b4,0.995043865705854,4,0.5413390503159458,0.5539181939882365,0.5273016402746169,0.5805347477018561,0.710332663507566,0.9361117636526001,p5048.bmp,SC320,0.5333333333333333,C
127,b4,0.9843120872212618,4,0.511754864124499,0.5348205706970924,0.5082040169834728,0.561437124410712,0.5536706546152941,0.9322904800255778,p5049.bmp,SC320,0.5333333333333333,C
128,b4,0.9908130909348303,4,0.5133763999466557,0.517395251440802,0.4907786977271824,0.5440118051544216,0.8037429605819817,0.6471030799181516,p5050.bmp,SC320,0.5333333333333333,C
129,b4,0.9932244207385303,4,0.7231722319509277,0.5590326268529887,0.5324160731393691,0.5856491805666083,0.5437954612768763,0.8567675767926554,p5051.bmp,SC320,0.5333333333333333,C
130,b4,0.9913923815159514,4,0.6314846127612872,0.5482149677827409,0.5215984140691213,0.5748315214963605,0.5727780794070692,0.8665247332266618,p5052.bmp,SC320,0.5333333333333333,C
131,b0,0.957868892383583,5,0.6827076517220003,0.6643681025049332,0.6343710128853491,0.6943651921245172,0.633311462599536,0.8834325140114925,p6001.bmp,SC400,0.6666666666666666,D
132,b0,0.9657854688457059,5,0.34421433622485903,0.6257589990831808,0.5957619094635968,0.6557560887027648,0.74530786004796,0.8175092504887264,p6002.bmp,SC400,0.6666666666666666,D
133,b0,0.9616431663023338,6,0.41608679979040086,0.6421088937134515,0.6121118040938675,0.6721059833330355,0.7019904881644371,0.8341692255504366,p6003.bmp,SC400,0.6666666666666666,D
134,b0,0.9607922830613648,6,0.40437590925978717,0.635212990722499,0.605215901102915,0.6652100803420831,0.7867685090370655,0.8212599603417851,p6004.bmp,SC400,0.6666666666666666,D
135,b0,0.963737264807967,6,0.3786770754149435,0.6343537306510961,0.6043566410315121,0.6643508202706802,0.7736112169239941,0.7760771788295647,p6005.bmp,SC400,0.6666666666666666,D
136,b1,0.9675058625425276,5,0.9511518322097443,0.6528476506197419,0.6189959081645598,0.686699393074924,0.5767038028275261,0.7767407509204709,p6006.bmp,SC400,0.6666666666666666,D
137,b1,0.9686436457819788,5,0.9496942254903291,0.6569561604535921,0.62310441799841,0.6908079029087741,0.5488506088276505,0.9049469806372304,p6007.bmp,SC400,0.6666666666666666,D
138,b1,0.9815995618089727,5,0.9897406111828337,0.6660472643545485,0.6321955218993665,0.6998990068097306,0.46287647975718443,0.8981140507799629,p6008.bmp,SC400,0.6666666666666666,D
139,b1,0.9923490476283808,5,0.9769007716054335,0.6574217284586129,0.6235699860034308,0.691273470913795,0.5167658057730562,0.9684470519161489,p6009.bmp,SC400,0.6666666666666666,D
140,b1,0.9860867031008693,5,0.9914314341317925,0.6583506753743905,0.6244989329192084,0.6922024178295726,0.4467463230475961,0.9866366203999405,p6010.bmp,SC400,0.6666666666666666,D
141,b2,0.9872671783884449,5,0.9785508957047768,0.6648234980217886,0.6376796651452039,0.6919673308983734,0.49103502547827954,0.8631329368099884,p6011.bmp,SC400,0.6666666666666666,D
142,b2,0.9923076595360274,5,0.9655494566957408,0.6818449696691826,0.6547011367925979,0.7089888025457673,0.5928482262992317,0.8169216762317654,p6012.bmp,SC400,0.6666666666666666,D
143,b2,0.9903498198432612,5,0.9945973155929942,0.6753991158873709,0.6482552830107862,0.7025429487639556,0.4435302405376125,0.8391082043136125,p6013.bmp,SC400,0.6666666666666666,D
144,b2,0.9776759643977104,5,0.9639758600925632,0.657263593930188,0.6301197610536032,0.6844074268067727,0.6808936089369464,0.8483027187349789,p6014.bmp,SC400,0.6666666666666666,D
145,b2,0.981250674231726,5,0.9874814367517116,0.6510049807000935,0.6238611478235088,0.6781488135766782,0.49474252976753924,0.8456314759706491,p6015.bmp,SC400,0.6666666666666666,D
146,b3,0.990593308492503,5,0.995936980120945,0.6620488891143552,0.6355658060993854,0.688531972129325,0.45045591311185,0.8039859195380233,p6016.bmp,SC400,0.6666666666666666,D
147,b3,0.9917269503121396,5,0.9893796861724345,0.6667649432563264,0.6402818602413566,0.6932480262712962,0.43931642744282223,0.8052761804542329,p6017.bmp,SC400,0.6666666666666666,D
148,b3,0.9883410582467538,5,0.9935618427937567,0.6634392332912806,0.6369561502763108,0.6899223163062504,0.48687266951088487,0.8346947035515394,p6018.bmp,SC400,0.6666666666666666,D
149,b3,0.9913199682296895,5,0.9890823278045151,0.6800449053817128,0.653561822366743,0.7065279883966826,0.5376279260886684,0.818336123822425,p6019.bmp,SC400,0.6666666666666666,D
150,b3,0.987500673866169,5,0.9893669853614983,0.6546148451949593,0.6281317621799895,0.6810979282099291,0.4916539954276812,0.8136292368883987,p6020.bmp,SC400,0.6666666666666666,D
151,b4,0.9817511638201546,5,0.8376921429230622,0.6648537192380088,0.6382371655243892,0.6914702729516284,0.5923362018451876,0.9142925299445356,p6021.bmp,SC400,0.6666666666666666,D
152,b4,0.9697713774108978,5,0.7060382092512276,0.6358230526922494,0.6092064989786298,0.662439606405869,0.8280657005743743,0.7793423163208818,p6022.bmp,SC400,0.6666666666666666,D
153,b4,0.9918986625080649,5,0.6997831053811363,0.6541788800774235,0.6275623263638039,0.6807954337910431,0.7203254562494947,0.9445973555353719,p6023.bmp,SC400,0.6666666666666666,D
154,b4,0.972807179681809,5,0.7876085427201946,0.665047157509207,0.6384306037955874,0.6916637112228265,0.7349548150993114,0.8848338501791313,p6024.bmp,SC400,0.6666666666666666,D
155,b4,0.9893140738164014,5,0.5429187922749719,0.6718617437496159,0.6452451900359963,0.6984782974632355,0.6263471109656887,0.9052298709543048,p6025.bmp,SC400,0.6666666666666666,D
156,b0,0.9906421134624965,6,0.7900123964502892,0.8107391166400897,0.7807420270205057,0.8407362062596737,0.5037889651003317,0.9472868658782723,p7026.bmp,SC480,0.8,D
157,b0,0.9848702884445729,6,0.7838044845061088,0.7848824869305038,0.7548853973109197,0.8148795765500878,0.43643376797769956,0.8974664775892027,p7027.bmp,SC480,0.8,D
158,b0,0.989527561528505,6,0.6633146470794677,0.8072318677682502,0.7772347781486661,0.8372289573878342,0.5652198349245017,0.9225456556447635,p7028.bmp,SC480,0.8,D
159,b0,0.986583759422109,6,0.800391225483544,0.8114668530848611,0.7814697634652771,0.8414639427044451,0.3816428484013087,0.9781099370402296,p7029.bmp,SC480,0.8,D
160,b0,0.989337985404088,6,0.7961634871099919,0.8022443972172392,0.7722473075976551,0.8322414868368232,0.3608020483436926,0.9518534430131615,p7030.bmp,SC480,0.8,D
161,b0,0.9830461598282336,6,0.7037654034457422,0.7717583482280506,0.7417612586084665,0.8017554378476346,0.58983296116913,0.8734847522211897,p7031.bmp,SC480,0.8,D
162,b1,0.9947232810756262,6,0.8767593297493095,0.8117676027793921,0.77791586032421,0.8456193452345742,0.6816550177121891,0.8164725070977928,p7032.bmp,SC480,0.8,D
163,b1,0.9889348585507153,6,0.9496576692624173,0.7993055252027823,0.7654537827476002,0.8331572676579644,0.44724999418089717,0.9647255264985963,p7033.bmp,SC480,0.8,D
164,b1,0.9892825255424107,6,0.9640671404306849,0.8117170166558617,0.7778652742006796,0.8455687591110438,0.41701887227700274,0.9759989751908829,p7034.bmp,SC480,0.8,D
165,b1,0.9920976668518932,6,0.9669252455349984,0.8149325200977087,0.7810807776425266,0.8487842625528907,0.36684628795510366,0.9853488949907041,p7035.bmp,SC480,0.8,D
166,b1,0.9934693375346175,6,0.9743691866159936,0.8172834776895122,0.7834317352343301,0.8511352201446942,0.42150297633862704,0.979889474121368,p7036.bmp,SC480,0.8,D
167,b1,0.987066186109862,6,0.9236597400659837,0.7998085651472695,0.7659568226920874,0.8336603076024516,0.5223483627375456,0.8845232032469165,p7037.bmp,SC480,0.8,D
168,b2,0.9887133959960208,6,0.9484192539448185,0.798357496879256,0.7712136640026712,0.8255013297558407,0.5742980218717464,0.9327199425427591,p7038.bmp,SC480,0.8,D
169,b2,0.9904593654997157,6,0.9508537885163648,0.8074886962685612,0.7803448633919765,0.834632529145146,0.5790813567598034,0.9189847399788412,p7039.bmp,SC480,0.8,D
170,b2,0.9948890425744609,6,0.9328255036726678,0.7830132472336324,0.7558694143570477,0.8101570801102171,0.5542506585310255,0.9764895138761348,p7040.bmp,SC480,0.8,D
171,b2,0.9941714136025421,6,0.9407129148697884,0.7939960529330289,0.7668522200564442,0.8211398858096136,0.6088386681079858,0.9514244024960056,p7041.bmp,SC480,0.8,D
172,b2,0.9947682648224206,6,0.926403974773695,0.7824878735678087,0.755344040691224,0.8096317064443934,0.6044909349347927,0.9837129802543363,p7042.bmp,SC480,0.8,D
173,b3,0.98933879251122,6,0.9266604681602505,0.8034877584264715,0.7770046754115016,0.8299708414414413,0.4907386442274237,0.8950352926298616,p7043.bmp,SC480,0.8,D
174,b3,0.9907825436649776,6,0.8343901523934064,0.8025135709507503,0.7760304879357804,0.8289966539657201,0.5206590145451351,0.8666050763786253,p7044.bmp,SC480,0.8,D
175,b3,0.9926372211936249,6,0.720870766836235,0.8288504509115919,0.8023673678966221,0.8553335339265618,0.6823974043581578,0.13505731087242479,p7045.bmp,SC480,0.8,D
176,b3,0.993484804177216,6,0.6506304754966212,0.8080834759545252,0.7816003929395554,0.834566558969495,0.7237505694102369,0.826798737363146,p7046.bmp,SC480,0.8,D
177,b3,0.9932355177895482,6,0.801238755800052,0.7945866885678055,0.7681036055528356,0.8210697715827753,0.73944147766162,0.17181493082619426,p7047.bmp,SC480,0.8,D
178,b4,0.9804487047870832,6,0.6138901104023375,0.8167146678716659,0.7900981141580463,0.8433312215852855,0.6262657064042532,0.884974077248083,p7048.bmp,SC480,0.8,D
179,b4,0.9907346724778886,6,0.7841279308914426,0.7956653947131338,0.7690488409995142,0.8222819484267534,0.4390445778538628,0.9481906685542705,p7049.bmp,SC480,0.8,D
180,b4,0.9809958355151907,6,0.7817266468795612,0.8010978153475067,0.7744812616338871,0.8277143690611263,0.4974211025215185,0.941891449074851,p7050.bmp,SC480,0.8,D
181,b4,0.9882146852856241,6,0.8337432028356458,0.7811197026171157,0.7545031489034961,0.8077362563307353,0.4384045758265649,0.947522102482164,p7051.bmp,SC480,0.8,D
182,b4,0.9835181508990042,6,0.8763079917780395,0.7825838533760126,0.755967299662393,0.8092004070896321,0.35039817759470593,0.9754279580499378,p7052.bmp,SC480,0.8,D
183,b0,0.9956885559579987,7,0.8805667361670961,0.9202336511122431,0.8902365614926591,0.9502307407318271,0.4707547940884498,0.8701426201746895,p8053.bmp,SC560,0.9333333333333333,D
184,b0,0.9951330530683364,7,0.8876429894048999,0.9270498504047358,0.8970527607851517,0.9570469400243198,0.5488139331606506,0.9465915650908566,p8054.bmp,SC560,0.9333333333333333,D
185,b0,0.9943774592348914,7,0.8556381972494309,0.9237605336559974,0.8937634440364134,0.9537576232755814,0.4781264922250358,0.9065311417321213,p8055.bmp,SC560,0.9333333333333333,D
186,b0,0.9954752813723085,7,0.8582602743616209,0.9172193223408005,0.8872222327212165,0.9472164119603845,0.3736949155051245,0.9334365355590758,p8056.bmp,SC560,0.9333333333333333,D
187,b0,0.9780893139681786,7,0.40210706973580823,0.8873791441631282,0.8573820545435442,0.9173762337827123,0.7754796537978597,0.7960871732518999,p8057.bmp,SC560,0.9333333333333333,D
188,b0,0.9947608920107917,7,0.7898162142276983,0.9304091885167871,0.9004120988972031,0.9604062781363711,0.5439935188459303,0.8870936650273533,p8058.bmp,SC560,0.9333333333333333,D
189,b0,0.9959281945098412,7,0.838859219510731,0.9291633630419962,0.8991662734224122,0.9591604526615802,0.3253969223164989,0.9265925947442847,p8059.bmp,SC560,0.9333333333333333,D
190,b1,0.9957745741925587,7,0.9759918307098371,0.9288700063490184,0.8950182638938363,0.9627217488042005,0.465583765731188,0.9776344167774377,p8060.bmp,SC560,0.9333333333333333,D
191,b1,0.9969746046224787,7,0.9764400298204173,0.927032222615854,0.893180480160672,0.9608839650710361,0.4438523461350475,0.91323780168917,p8061.bmp,SC560,0.9333333333333333,D
192,b1,0.9966057913599643,7,0.9756911385154811,0.9346994229114881,0.900847680456306,0.9685511653666702,0.4333324730437207,0.937417642960981,p8062.bmp,SC560,0.9333333333333333,D
193,b1,0.9964722267270492,7,0.9707050520816556,0.9168570945223788,0.8830053520671968,0.9507088369775609,0.6106747075379723,0.8467631395352645,p8063.bmp,SC560,0.9333333333333333,D
194,b1,0.9962215685312575,7,0.9723375262050807,0.92370949313081,0.8898577506756279,0.957561235585992,0.460888608864773,0.9666858414153743,p8064.bmp,SC560,0.9333333333333333,D
195,b1,0.9951940271227427,7,0.9820548922236157,0.9159877207109346,0.8821359782557525,0.9498394631661167,0.5063725587140573,0.8958185718507657,p8065.bmp,SC560,0.9333333333333333,D
196,b1,0.9966960106185812,7,0.9706565034833191,0.9465563927806242,0.9127046503254421,0.9804081352358063,0.3928136699894786,0.9160594462665378,p8066.bmp,SC560,0.9333333333333333,D
197,b2,0.9972335627043438,7,0.9649865534540408,0.9386521712645302,0.9115083383879454,0.9657960041411149,0.31114421582976376,0.9241940502649608,p8067.bmp,SC560,0.9333333333333333,D
198,b2,0.9981176862616784,7,0.9784088058002876,0.951210558232547,0.9240667253559622,0.9783543911091317,0.4247755615115515,0.9203282107981527,p8068.bmp,SC560,0.9333333333333333,D
199,b2,0.9965343015121143,7,0.9614777748920081,0.9361324445368792,0.9089886116602944,0.9632762774134639,0.5899433307324355,0.9268138262055776,p8069.bmp,SC560,0.9333333333333333,D
200,b2,0.9939716727558192,7,0.860843321407935,0.9279445127258621,0.9008006798492774,0.9550883456024468,0.6186625876696519,0.8646440157838838,p8070.bmp,SC560,0.9333333333333333,D
201,b2,0.9984383186163517,7,0.9660711725950072,0.942177429798404,0.9150335969218193,0.9693212626749887,0.7107976788543718,0.8756182420368392,p8071.bmp,SC560,0.9333333333333333,D
202,b2,0.9961000255511029,7,0.8454348116550028,0.9272178266345033,0.9000739937579185,0.954361659511088,0.6752989017403171,0.8450743803730635,p8072.bmp,SC560,0.9333333333333333,D
203,b3,0.9942790514869181,7,0.6697048404653894,0.9252352123677035,0.8987521293527336,0.9517182953826733,0.7359907304655331,0.758788472932867,p8073.bmp,SC560,0.9333333333333333,D
204,b3,0.9958571201233724,7,0.6166848147256246,0.9428230317133541,0.9163399486983843,0.969306114728324,0.9235953545860364,0.8488775184542796,p8074.bmp,SC560,0.9333333333333333,D
205,b3,0.9986935184364972,7,0.9140299664133594,0.9488098188789134,0.9223267358639435,0.9752929018938832,0.8442091800361008,0.6640294166379056,p8075.bmp,SC560,0.9333333333333333,D
206,b3,0.9975710064732638,7,0.8775151037018725,0.9405027517605334,0.9140196687455636,0.9669858347755033,0.7334023855657877,0.8426929767728297,p8076.bmp,SC560,0.9333333333333333,D
207,b3,0.9968773382887179,7,0.8232132846732273,0.9665813441010602,0.9400982610860904,0.99306442711603,0.6034235660704461,0.8648850943202181,p8077.bmp,SC560,0.9333333333333333,D
208,b3,0.998080066977121,7,0.9808248277824039,0.9415119221018211,0.9150288390868513,0.9679950051167909,0.5753338169181005,0.8458848809203438,p8078.bmp,SC560,0.9333333333333333,D
209,b4,0.9901424474495144,7,0.5238383636977725,0.9594826516798661,0.9328660979662465,0.9860992053934857,0.7710121473009635,0.9086015471968887,p8079.bmp,SC560,0.9333333333333333,D
210,b4,0.9989295587992673,7,0.7200778089239978,0.9102508980802393,0.8836343443666197,0.9368674517938589,0.8382851040781912,0.8089323843819388,p8080.bmp,SC560,0.9333333333333333,D
211,b4,0.9978908503484414,7,0.7879807388648191,0.9306291268246087,0.9040125731109891,0.9572456805382283,0.6089398410366673,0.9180551298049779,p8081.bmp,SC560,0.9333333333333333,D
212,b4,0.9963295452500954,7,0.7385195115312871,0.9558853781020622,0.9292688243884426,0.9825019318156818,0.7089592497049532,0.9019229378910628,p8082.bmp,SC560,0.9333333333333333,D
213,b4,0.997850521995059,7,0.8423718808171256,0.9575829979289112,0.9309664442152916,0.9841995516425308,0.5734554475986199,0.8257335977187492,p8083.bmp,SC560,0.9333333333333333,D
214,b4,0.9952498240107495,7,0.8572435571050122,0.945469310780468,0.9188527570668484,0.9720858644940876,0.528411016058806,0.8113877323393268,p8084.bmp,SC560,0.9333333333333333,D
215,b0,0.9979103798287191,8,0.7294550292575206,1.0,0.970002910380416,1.0,0.6134532613657518,0.8741119788013486,p9085.bmp,SC600,1.0,D
216,b0,0.996452063322842,8,0.8216188351291374,1.0,0.970002910380416,1.0,0.4898353077459071,0.954195035714886,p9086.bmp,SC600,1.0,D
217,b0,0.995648850041746,8,0.7736135936186834,1.0,0.970002910380416,1.0,0.4976068719700263,0.9486485805812108,p9087.bmp,SC600,1.0,D
218,b0,0.9957056461897095,8,0.749697644791819,1.0,0.970002910380416,1.0,0.4665050426302445,0.9794187331170924,p9088.bmp,SC600,1.0,D
219,b0,0.9867308037488222,8,0.9322710753007662,1.0,0.970002910380416,1.0,0.6163754268939118,0.9374686972021056,p9089.bmp,SC600,1.0,D
220,b0,0.9899349890881958,8,0.8912603778504139,1.0,0.970002910380416,1.0,0.570324676368864,0.9161418806088335,p9090.bmp,SC600,1.0,D
221,b0,0.9939064517165329,8,0.85480776071693,0.9958629926336627,0.9658659030140787,1.0,0.49412167131231066,0.9351471219018799,p9091.bmp,SC600,1.0,D
222,b0,0.9958968826748438,8,0.87357333774829,1.0,0.970002910380416,1.0,0.4945611541129259,0.9687058028430066,p9092.bmp,SC600,1.0,D
223,b1,0.988209532631391,8,0.9897762205478724,0.9968759429733931,0.963024200518211,1.0,0.41754743539974243,0.9326476251680932,p9093.bmp,SC600,1.0,D
224,b1,0.9974310008894237,8,0.9564502832678298,1.0,0.9661482575448179,1.0,0.41313965899112337,0.9697932140202987,p9094.bmp,SC600,1.0,D
225,b1,0.9930274480886933,8,0.9534422967872846,0.9649378097793609,0.9310860673241789,0.998789552234543,0.6476382583777163,0.3156698528866105,p9095.bmp,SC600,1.0,D
226,b1,0.9964062827419725,8,0.8846375613328956,0.9967431555148378,0.9628914130596558,1.0,0.49439222860126053,0.9839341204698709,p9096.bmp,SC600,1.0,D
227,b1,0.9967610882753575,8,0.9442692607183218,0.9958635723904072,0.9620118299352252,1.0,0.4791280933043467,0.9689111954929884,p9097.bmp,SC600,1.0,D
228,b1,0.9968223117791819,8,0.9641993402442335,1.0,0.9661482575448179,1.0,0.46942735176221173,0.9654276554969755,p9098.bmp,SC600,1.0,D
229,b1,0.9973673215520675,8,0.9928256619592819,0.9863837980649686,0.9525320556097865,1.0,0.6720510832078382,0.924599780738733,p9099.bmp,SC600,1.0,D
230,b1,0.9963917318698752,8,0.9661576594412083,1.0,0.9661482575448179,1.0,0.4325024593345168,0.9505254139775298,p9100.bmp,SC600,1.0,D
231,b2,0.994403628687964,8,0.972090613087489,0.9975855823994628,0.9704417495228781,1.0,0.46718000431494955,0.9270091487196347,p9101.bmp,SC600,1.0,D
232,b2,0.9923764692537737,8,0.9877817829941395,0.9924406800956689,0.9652968472190842,1.0,0.45907363729177014,0.9619853761663528,p9102.bmp,SC600,1.0,D
233,b2,0.9973858595244616,8,0.9573700651628119,0.9900621676821206,0.9629183348055359,1.0,0.5136667028793224,0.8956992699337237,p9103.bmp,SC600,1.0,D
234,b2,0.9935292387564921,8,0.9945368991866327,1.0,0.9728561671234153,1.0,0.4253659998085604,0.9263216824303815,p9104.bmp,SC600,1.0,D
235,b2,0.997001504012823,8,0.9867160252444214,0.9903911753563439,0.9632473424797592,1.0,0.5295361920367709,0.889371106514567,p9105.bmp,SC600,1.0,D
236,b2,0.9952479763796321,8,0.9887385640553339,1.0,0.9728561671234153,1.0,0.49854376411028556,0.8982215060677473,p9106.bmp,SC600,1.0,D
237,b2,0.9949587960661587,8,0.9950504602158122,1.0,0.9728561671234153,1.0,0.40421313699920336,0.9180255875160369,p9107.bmp,SC600,1.0,D
238,b2,0.9924807417027722,8,0.9832927282025478,1.0,0.9728561671234153,1.0,0.30880909211512003,0.8710752637456524,p9108.bmp,SC600,1.0,D
239,b3,0.9918329317146131,8,0.9915440443088169,0.988366633272036,0.9618835502570662,1.0,0.511218868258302,0.8098649841785539,p9109.bmp,SC600,1.0,D
240,b3,0.9928679466916908,8,0.9935143739303398,0.990996111616781,0.9645130286018112,1.0,0.40873543060085477,0.8616928970698308,p9110.bmp,SC600,1.0,D
241,b3,0.98856130017391,8,0.9958638324387471,1.0,0.9735169169850302,1.0,0.6999460945286226,0.683281892113766,p9111.bmp,SC600,1.0,D
242,b3,0.9953140689537936,8,0.9944076119862136,0.9855943596158747,0.9591112766009049,1.0,0.3921005787254566,0.8976059941439951,p9112.bmp,SC600,1.0,D
243,b3,0.9923328747931593,8,0.9860324537973912,0.9908191433860225,0.9643360603710527,1.0,0.49134883097829707,0.8483904967193051,p9113.bmp,SC600,1.0,D
244,b3,0.9934892397195451,8,0.9938730858893527,0.9959142137383767,0.9694311307234069,1.0,0.35201983952778265,0.9027061501283291,p9114.bmp,SC600,1.0,D
245,b3,0.9928001571818462,8,0.9875174940841914,0.9953292332790598,0.9688461502640899,1.0,0.48940261337950813,0.8509957779989209,p9115.bmp,SC600,1.0,D
246,b3,0.9924989049206154,8,0.9926748979583324,0.9933548774966594,0.9668717944816896,1.0,0.5700555765857179,0.7772340486153879,p9116.bmp,SC600,1.0,D
247,b4,0.9907916157697282,8,0.9275818972842849,1.0,0.9733834462863804,1.0,0.4003550389609725,0.7470393987556669,p9117.bmp,SC600,1.0,D
248,b4,0.9908626773239148,8,0.9197940472441152,1.0,0.9733834462863804,1.0,0.63376101974186,0.6744629288395404,p9118.bmp,SC600,1.0,D
249,b4,0.9978904754587004,8,0.9351606880948898,1.0,0.9733834462863804,1.0,0.5086910317581163,0.7271650606387999,p9119.bmp,SC600,1.0,D
250,b4,0.9835998154535049,8,0.6789536460087439,0.9922686697128252,0.9656521159992056,1.0,0.9022689212616295,0.7703930574337586,p9120.bmp,SC600,1.0,D
251,b4,0.9926221301333313,8,0.7602208637842433,0.9737424058258335,0.9471258521122139,1.0,0.7647340777894682,0.7349425004588194,p9121.bmp,SC600,1.0,D
252,b4,0.9987969361713002,8,0.897270808467326,0.9880147503044794,0.9613981965908598,1.0,0.8830981188167191,0.795630129198324,p9122.bmp,SC600,1.0,D
253,b4,0.9976099593175983,8,0.840220743056707,0.9702734646139701,0.9436569109003505,0.9968900183275897,0.8195214998959598,0.771417272968594,p9123.bmp,SC600,1.0,D
254,b4,0.9877606822920303,8,0.9381780634100121,1.0,0.9733834462863804,1.0,0.5607510479667023,0.6348732893866781,p9124.bmp,SC600,1.0,D
